period,model,marginal,copula,horizon_minutes,n_pairs,finite_score_coverage,mean_log_score,comparison_group,evaluation_error
training_2021_2023,Normal_Gaussian,Normal,Gaussian,5,40000,1.0,7.881620687394851,log_price_density,
training_2021_2023,Normal_Gaussian,Normal,Gaussian,60,40000,1.0,6.905141582078798,log_price_density,
training_2021_2023,Normal_Gaussian,Normal,Gaussian,360,40000,1.0,6.192310307241798,log_price_density,
training_2021_2023,Normal_Gaussian,Normal,Gaussian,1440,40000,1.0,5.772291446971887,log_price_density,
validation_2024,Normal_Gaussian,Normal,Gaussian,5,40000,1.0,8.253958856569476,log_price_density,
validation_2024,Normal_Gaussian,Normal,Gaussian,60,40000,1.0,7.10926329595665,log_price_density,
validation_2024,Normal_Gaussian,Normal,Gaussian,360,40000,1.0,6.358244028015346,log_price_density,
validation_2024,Normal_Gaussian,Normal,Gaussian,1440,40000,1.0,5.971264923621757,log_price_density,
test_2025,Normal_Gaussian,Normal,Gaussian,5,40000,1.0,8.34840854788265,log_price_density,
test_2025,Normal_Gaussian,Normal,Gaussian,60,40000,1.0,7.177380195672567,log_price_density,
test_2025,Normal_Gaussian,Normal,Gaussian,360,40000,1.0,6.426601025042502,log_price_density,
test_2025,Normal_Gaussian,Normal,Gaussian,1440,40000,1.0,6.090368666455685,log_price_density,
training_2021_2023,Normal_GaussianMixed,Normal,GaussianMixed,5,40000,1.0,7.978262277426327,log_price_density,
training_2021_2023,Normal_GaussianMixed,Normal,GaussianMixed,60,40000,1.0,6.994242032959199,log_price_density,
training_2021_2023,Normal_GaussianMixed,Normal,GaussianMixed,360,40000,1.0,6.257771810925432,log_price_density,
training_2021_2023,Normal_GaussianMixed,Normal,GaussianMixed,1440,40000,1.0,5.805307378278455,log_price_density,
validation_2024,Normal_GaussianMixed,Normal,GaussianMixed,5,40000,1.0,8.34724165058001,log_price_density,
validation_2024,Normal_GaussianMixed,Normal,GaussianMixed,60,40000,1.0,7.184052265999373,log_price_density,
validation_2024,Normal_GaussianMixed,Normal,GaussianMixed,360,40000,1.0,6.418647572669293,log_price_density,
validation_2024,Normal_GaussianMixed,Normal,GaussianMixed,1440,40000,1.0,6.000710223158494,log_price_density,
test_2025,Normal_GaussianMixed,Normal,GaussianMixed,5,40000,1.0,8.4345869668493,log_price_density,
test_2025,Normal_GaussianMixed,Normal,GaussianMixed,60,40000,1.0,7.269937269557986,log_price_density,
test_2025,Normal_GaussianMixed,Normal,GaussianMixed,360,40000,1.0,6.492072214872863,log_price_density,
test_2025,Normal_GaussianMixed,Normal,GaussianMixed,1440,40000,1.0,6.113182791387431,log_price_density,
training_2021_2023,Normal_StudentT,Normal,StudentT,5,40000,1.0,8.015861159167567,log_price_density,
training_2021_2023,Normal_StudentT,Normal,StudentT,60,40000,1.0,7.364450080980819,log_price_density,
training_2021_2023,Normal_StudentT,Normal,StudentT,360,40000,1.0,6.6841732608301605,log_price_density,
training_2021_2023,Normal_StudentT,Normal,StudentT,1440,40000,1.0,6.153879439786178,log_price_density,
validation_2024,Normal_StudentT,Normal,StudentT,5,40000,1.0,8.69730624870416,log_price_density,
validation_2024,Normal_StudentT,Normal,StudentT,60,40000,1.0,7.535480106325614,log_price_density,
validation_2024,Normal_StudentT,Normal,StudentT,360,40000,1.0,6.790518506402582,log_price_density,
validation_2024,Normal_StudentT,Normal,StudentT,1440,40000,1.0,6.3070120775499285,log_price_density,
test_2025,Normal_StudentT,Normal,StudentT,5,40000,1.0,8.859493688679713,log_price_density,
test_2025,Normal_StudentT,Normal,StudentT,60,40000,1.0,7.779332857339552,log_price_density,
test_2025,Normal_StudentT,Normal,StudentT,360,40000,1.0,6.991860953818864,log_price_density,
test_2025,Normal_StudentT,Normal,StudentT,1440,40000,1.0,6.479378655491282,log_price_density,
training_2021_2023,Normal_StudentTMixed,Normal,StudentTMixed,5,40000,1.0,8.015857609123906,log_price_density,
training_2021_2023,Normal_StudentTMixed,Normal,StudentTMixed,60,40000,1.0,7.3644669568122785,log_price_density,
training_2021_2023,Normal_StudentTMixed,Normal,StudentTMixed,360,40000,1.0,6.684231325072152,log_price_density,
training_2021_2023,Normal_StudentTMixed,Normal,StudentTMixed,1440,40000,1.0,6.154141667924904,log_price_density,
validation_2024,Normal_StudentTMixed,Normal,StudentTMixed,5,40000,1.0,8.697311972724247,log_price_density,
validation_2024,Normal_StudentTMixed,Normal,StudentTMixed,60,40000,1.0,7.535485956105455,log_price_density,
validation_2024,Normal_StudentTMixed,Normal,StudentTMixed,360,40000,1.0,6.79052537990607,log_price_density,
validation_2024,Normal_StudentTMixed,Normal,StudentTMixed,1440,40000,1.0,6.307017588043333,log_price_density,
test_2025,Normal_StudentTMixed,Normal,StudentTMixed,5,40000,1.0,8.859503057128508,log_price_density,
test_2025,Normal_StudentTMixed,Normal,StudentTMixed,60,40000,1.0,7.779348501600404,log_price_density,
test_2025,Normal_StudentTMixed,Normal,StudentTMixed,360,40000,1.0,6.991883564456817,log_price_density,
test_2025,Normal_StudentTMixed,Normal,StudentTMixed,1440,40000,1.0,6.479397316463315,log_price_density,
training_2021_2023,Normal_Frank,Normal,Frank,5,40000,1.0,7.898313142039106,log_price_density,
training_2021_2023,Normal_Frank,Normal,Frank,60,40000,1.0,6.134053346255574,log_price_density,
training_2021_2023,Normal_Frank,Normal,Frank,360,40000,1.0,5.67602031300269,log_price_density,
training_2021_2023,Normal_Frank,Normal,Frank,1440,40000,1.0,5.6546604791287605,log_price_density,
validation_2024,Normal_Frank,Normal,Frank,5,40000,1.0,8.359236541930159,log_price_density,
validation_2024,Normal_Frank,Normal,Frank,60,40000,1.0,6.380112099861768,log_price_density,
validation_2024,Normal_Frank,Normal,Frank,360,40000,1.0,5.873465096400778,log_price_density,
validation_2024,Normal_Frank,Normal,Frank,1440,40000,1.0,5.866625212425774,log_price_density,
test_2025,Normal_Frank,Normal,Frank,5,40000,1.0,8.537450545002354,log_price_density,
test_2025,Normal_Frank,Normal,Frank,60,40000,1.0,6.452232132267556,log_price_density,
test_2025,Normal_Frank,Normal,Frank,360,40000,1.0,6.02386812226016,log_price_density,
test_2025,Normal_Frank,Normal,Frank,1440,40000,1.0,6.02733393195755,log_price_density,
training_2021_2023,Normal_FrankMixed,Normal,FrankMixed,5,40000,1.0,7.605663551249602,log_price_density,
training_2021_2023,Normal_FrankMixed,Normal,FrankMixed,60,40000,1.0,7.471514147043525,log_price_density,
training_2021_2023,Normal_FrankMixed,Normal,FrankMixed,360,40000,1.0,6.620842261682921,log_price_density,
training_2021_2023,Normal_FrankMixed,Normal,FrankMixed,1440,40000,1.0,5.654830571022578,log_price_density,
validation_2024,Normal_FrankMixed,Normal,FrankMixed,5,40000,1.0,5.384161970711335,log_price_density,
validation_2024,Normal_FrankMixed,Normal,FrankMixed,60,40000,1.0,5.598957561166557,log_price_density,
validation_2024,Normal_FrankMixed,Normal,FrankMixed,360,40000,1.0,5.94263727024034,log_price_density,
validation_2024,Normal_FrankMixed,Normal,FrankMixed,1440,40000,1.0,5.866636841391665,log_price_density,
test_2025,Normal_FrankMixed,Normal,FrankMixed,5,40000,1.0,5.892059883377907,log_price_density,
test_2025,Normal_FrankMixed,Normal,FrankMixed,60,40000,1.0,5.914956624780474,log_price_density,
test_2025,Normal_FrankMixed,Normal,FrankMixed,360,40000,1.0,6.158180773127513,log_price_density,
test_2025,Normal_FrankMixed,Normal,FrankMixed,1440,40000,1.0,6.027355760388123,log_price_density,
training_2021_2023,Normal_Clayton,Normal,Clayton,5,40000,1.0,7.750708911087902,log_price_density,
training_2021_2023,Normal_Clayton,Normal,Clayton,60,40000,1.0,6.000862784721232,log_price_density,
training_2021_2023,Normal_Clayton,Normal,Clayton,360,40000,1.0,5.6728368226001145,log_price_density,
training_2021_2023,Normal_Clayton,Normal,Clayton,1440,40000,1.0,5.654660028962081,log_price_density,
validation_2024,Normal_Clayton,Normal,Clayton,5,40000,1.0,8.306746216688463,log_price_density,
validation_2024,Normal_Clayton,Normal,Clayton,60,40000,1.0,6.267137890000359,log_price_density,
validation_2024,Normal_Clayton,Normal,Clayton,360,40000,1.0,5.868828103793206,log_price_density,
validation_2024,Normal_Clayton,Normal,Clayton,1440,40000,1.0,5.866624675743292,log_price_density,
test_2025,Normal_Clayton,Normal,Clayton,5,40000,1.0,8.449977415938363,log_price_density,
test_2025,Normal_Clayton,Normal,Clayton,60,40000,1.0,6.309009301162234,log_price_density,
test_2025,Normal_Clayton,Normal,Clayton,360,40000,1.0,6.021098770693237,log_price_density,
test_2025,Normal_Clayton,Normal,Clayton,1440,40000,1.0,6.027333626315591,log_price_density,
training_2021_2023,Normal_ClaytonMixed,Normal,ClaytonMixed,5,40000,1.0,7.7015668177044585,log_price_density,
training_2021_2023,Normal_ClaytonMixed,Normal,ClaytonMixed,60,40000,1.0,7.541856269173068,log_price_density,
training_2021_2023,Normal_ClaytonMixed,Normal,ClaytonMixed,360,40000,1.0,6.6178611108104874,log_price_density,
training_2021_2023,Normal_ClaytonMixed,Normal,ClaytonMixed,1440,40000,1.0,5.654830585844859,log_price_density,
validation_2024,Normal_ClaytonMixed,Normal,ClaytonMixed,5,40000,1.0,5.440032976221268,log_price_density,
validation_2024,Normal_ClaytonMixed,Normal,ClaytonMixed,60,40000,1.0,5.644714540969087,log_price_density,
validation_2024,Normal_ClaytonMixed,Normal,ClaytonMixed,360,40000,1.0,5.950053328808525,log_price_density,
validation_2024,Normal_ClaytonMixed,Normal,ClaytonMixed,1440,40000,1.0,5.866635775027807,log_price_density,
test_2025,Normal_ClaytonMixed,Normal,ClaytonMixed,5,40000,1.0,5.965802434555204,log_price_density,
test_2025,Normal_ClaytonMixed,Normal,ClaytonMixed,60,40000,1.0,5.960713735271443,log_price_density,
test_2025,Normal_ClaytonMixed,Normal,ClaytonMixed,360,40000,1.0,6.162951352262724,log_price_density,
test_2025,Normal_ClaytonMixed,Normal,ClaytonMixed,1440,40000,1.0,6.027350758522614,log_price_density,
training_2021_2023,Normal_SurvivalClayton,Normal,SurvivalClayton,5,40000,1.0,7.673310035218234,log_price_density,
training_2021_2023,Normal_SurvivalClayton,Normal,SurvivalClayton,60,40000,1.0,6.010453550563933,log_price_density,
training_2021_2023,Normal_SurvivalClayton,Normal,SurvivalClayton,360,40000,1.0,5.674181928115576,log_price_density,
training_2021_2023,Normal_SurvivalClayton,Normal,SurvivalClayton,1440,40000,1.0,5.654660045427781,log_price_density,
validation_2024,Normal_SurvivalClayton,Normal,SurvivalClayton,5,40000,1.0,7.97073285498944,log_price_density,
validation_2024,Normal_SurvivalClayton,Normal,SurvivalClayton,60,40000,1.0,6.167177318346119,log_price_density,
validation_2024,Normal_SurvivalClayton,Normal,SurvivalClayton,360,40000,1.0,5.868333974255284,log_price_density,
validation_2024,Normal_SurvivalClayton,Normal,SurvivalClayton,1440,40000,1.0,5.866624671982572,log_price_density,
test_2025,Normal_SurvivalClayton,Normal,SurvivalClayton,5,40000,1.0,8.137928996955168,log_price_density,
test_2025,Normal_SurvivalClayton,Normal,SurvivalClayton,60,40000,1.0,6.236276262110022,log_price_density,
test_2025,Normal_SurvivalClayton,Normal,SurvivalClayton,360,40000,1.0,6.020891067223236,log_price_density,
test_2025,Normal_SurvivalClayton,Normal,SurvivalClayton,1440,40000,1.0,6.027333624370951,log_price_density,
training_2021_2023,Normal_SurvivalClaytonMixed,Normal,SurvivalClaytonMixed,5,40000,1.0,7.677936581450997,log_price_density,
training_2021_2023,Normal_SurvivalClaytonMixed,Normal,SurvivalClaytonMixed,60,40000,1.0,7.504980871792932,log_price_density,
training_2021_2023,Normal_SurvivalClaytonMixed,Normal,SurvivalClaytonMixed,360,40000,1.0,6.61857702466983,log_price_density,
training_2021_2023,Normal_SurvivalClaytonMixed,Normal,SurvivalClaytonMixed,1440,40000,1.0,5.66759920767411,log_price_density,
validation_2024,Normal_SurvivalClaytonMixed,Normal,SurvivalClaytonMixed,5,40000,1.0,5.462453841660623,log_price_density,
validation_2024,Normal_SurvivalClaytonMixed,Normal,SurvivalClaytonMixed,60,40000,1.0,5.630323830027476,log_price_density,
validation_2024,Normal_SurvivalClaytonMixed,Normal,SurvivalClaytonMixed,360,40000,1.0,5.9426504566861915,log_price_density,
validation_2024,Normal_SurvivalClaytonMixed,Normal,SurvivalClaytonMixed,1440,40000,1.0,5.866635229510186,log_price_density,
test_2025,Normal_SurvivalClaytonMixed,Normal,SurvivalClaytonMixed,5,40000,1.0,5.932865030939854,log_price_density,
test_2025,Normal_SurvivalClaytonMixed,Normal,SurvivalClaytonMixed,60,40000,1.0,5.938373741017889,log_price_density,
test_2025,Normal_SurvivalClaytonMixed,Normal,SurvivalClaytonMixed,360,40000,1.0,6.1542244817634915,log_price_density,
test_2025,Normal_SurvivalClaytonMixed,Normal,SurvivalClaytonMixed,1440,40000,1.0,6.0273514725998405,log_price_density,
training_2021_2023,Normal_Gumbel,Normal,Gumbel,5,40000,1.0,7.904768398061181,log_price_density,
training_2021_2023,Normal_Gumbel,Normal,Gumbel,60,40000,1.0,6.271719879047792,log_price_density,
training_2021_2023,Normal_Gumbel,Normal,Gumbel,360,40000,1.0,5.7326867712850715,log_price_density,
training_2021_2023,Normal_Gumbel,Normal,Gumbel,1440,40000,1.0,5.658559469556046,log_price_density,
validation_2024,Normal_Gumbel,Normal,Gumbel,5,40000,1.0,8.315217245823456,log_price_density,
validation_2024,Normal_Gumbel,Normal,Gumbel,60,40000,1.0,6.427193668086731,log_price_density,
validation_2024,Normal_Gumbel,Normal,Gumbel,360,40000,1.0,5.879518169874872,log_price_density,
validation_2024,Normal_Gumbel,Normal,Gumbel,1440,40000,1.0,5.866624678042892,log_price_density,
test_2025,Normal_Gumbel,Normal,Gumbel,5,40000,1.0,8.429954334256518,log_price_density,
test_2025,Normal_Gumbel,Normal,Gumbel,60,40000,1.0,6.46901949640931,log_price_density,
test_2025,Normal_Gumbel,Normal,Gumbel,360,40000,1.0,6.0268300588254275,log_price_density,
test_2025,Normal_Gumbel,Normal,Gumbel,1440,40000,1.0,6.0273336282432055,log_price_density,
training_2021_2023,Normal_GumbelMixed,Normal,GumbelMixed,5,40000,1.0,7.5514236737577205,log_price_density,
training_2021_2023,Normal_GumbelMixed,Normal,GumbelMixed,60,40000,1.0,7.425885367100378,log_price_density,
training_2021_2023,Normal_GumbelMixed,Normal,GumbelMixed,360,40000,1.0,6.560559153215574,log_price_density,
training_2021_2023,Normal_GumbelMixed,Normal,GumbelMixed,1440,40000,1.0,5.666334255234417,log_price_density,
validation_2024,Normal_GumbelMixed,Normal,GumbelMixed,5,40000,1.0,5.2569261740911895,log_price_density,
validation_2024,Normal_GumbelMixed,Normal,GumbelMixed,60,40000,1.0,5.58721546025703,log_price_density,
validation_2024,Normal_GumbelMixed,Normal,GumbelMixed,360,40000,1.0,5.935305527420401,log_price_density,
validation_2024,Normal_GumbelMixed,Normal,GumbelMixed,1440,40000,1.0,5.866628625658619,log_price_density,
test_2025,Normal_GumbelMixed,Normal,GumbelMixed,5,40000,1.0,5.810791136749898,log_price_density,
test_2025,Normal_GumbelMixed,Normal,GumbelMixed,60,40000,1.0,5.905863459942801,log_price_density,
test_2025,Normal_GumbelMixed,Normal,GumbelMixed,360,40000,1.0,6.143750400391219,log_price_density,
test_2025,Normal_GumbelMixed,Normal,GumbelMixed,1440,40000,1.0,6.027340461735654,log_price_density,
training_2021_2023,Normal_SurvivalGumbel,Normal,SurvivalGumbel,5,40000,1.0,7.9732707050374465,log_price_density,
training_2021_2023,Normal_SurvivalGumbel,Normal,SurvivalGumbel,60,40000,1.0,6.282709442846822,log_price_density,
training_2021_2023,Normal_SurvivalGumbel,Normal,SurvivalGumbel,360,40000,1.0,5.697211465718939,log_price_density,
training_2021_2023,Normal_SurvivalGumbel,Normal,SurvivalGumbel,1440,40000,1.0,5.654660119144913,log_price_density,
validation_2024,Normal_SurvivalGumbel,Normal,SurvivalGumbel,5,40000,1.0,8.446547777349936,log_price_density,
validation_2024,Normal_SurvivalGumbel,Normal,SurvivalGumbel,60,40000,1.0,6.512985711258657,log_price_density,
validation_2024,Normal_SurvivalGumbel,Normal,SurvivalGumbel,360,40000,1.0,5.884952671006377,log_price_density,
validation_2024,Normal_SurvivalGumbel,Normal,SurvivalGumbel,1440,40000,1.0,5.8666246859688815,log_price_density,
test_2025,Normal_SurvivalGumbel,Normal,SurvivalGumbel,5,40000,1.0,8.546450190567533,log_price_density,
test_2025,Normal_SurvivalGumbel,Normal,SurvivalGumbel,60,40000,1.0,6.5438331913341345,log_price_density,
test_2025,Normal_SurvivalGumbel,Normal,SurvivalGumbel,360,40000,1.0,6.030677905322989,log_price_density,
test_2025,Normal_SurvivalGumbel,Normal,SurvivalGumbel,1440,40000,1.0,6.027333631696754,log_price_density,
training_2021_2023,Normal_SurvivalGumbelMixed,Normal,SurvivalGumbelMixed,5,40000,1.0,7.562913387038419,log_price_density,
training_2021_2023,Normal_SurvivalGumbelMixed,Normal,SurvivalGumbelMixed,60,40000,1.0,7.436899837623428,log_price_density,
training_2021_2023,Normal_SurvivalGumbelMixed,Normal,SurvivalGumbelMixed,360,40000,1.0,6.5545274951769255,log_price_density,
training_2021_2023,Normal_SurvivalGumbelMixed,Normal,SurvivalGumbelMixed,1440,40000,1.0,5.664170199014531,log_price_density,
validation_2024,Normal_SurvivalGumbelMixed,Normal,SurvivalGumbelMixed,5,40000,1.0,5.313750636101012,log_price_density,
validation_2024,Normal_SurvivalGumbelMixed,Normal,SurvivalGumbelMixed,60,40000,1.0,5.611540347727067,log_price_density,
validation_2024,Normal_SurvivalGumbelMixed,Normal,SurvivalGumbelMixed,360,40000,1.0,5.939437900703354,log_price_density,
validation_2024,Normal_SurvivalGumbelMixed,Normal,SurvivalGumbelMixed,1440,40000,1.0,5.86663332861213,log_price_density,
test_2025,Normal_SurvivalGumbelMixed,Normal,SurvivalGumbelMixed,5,40000,1.0,5.863407559751323,log_price_density,
test_2025,Normal_SurvivalGumbelMixed,Normal,SurvivalGumbelMixed,60,40000,1.0,5.929533665457999,log_price_density,
test_2025,Normal_SurvivalGumbelMixed,Normal,SurvivalGumbelMixed,360,40000,1.0,6.147768053637092,log_price_density,
test_2025,Normal_SurvivalGumbelMixed,Normal,SurvivalGumbelMixed,1440,40000,1.0,6.027347399612919,log_price_density,
training_2021_2023,StudentT_Gaussian,StudentT,Gaussian,5,40000,1.0,7.853059623699293,log_price_density,
training_2021_2023,StudentT_Gaussian,StudentT,Gaussian,60,40000,1.0,7.4010956499276555,log_price_density,
training_2021_2023,StudentT_Gaussian,StudentT,Gaussian,360,40000,1.0,6.707976574873322,log_price_density,
training_2021_2023,StudentT_Gaussian,StudentT,Gaussian,1440,40000,1.0,6.252389081459089,log_price_density,
validation_2024,StudentT_Gaussian,StudentT,Gaussian,5,40000,1.0,8.43327821471806,log_price_density,
validation_2024,StudentT_Gaussian,StudentT,Gaussian,60,40000,1.0,7.347686325181947,log_price_density,
validation_2024,StudentT_Gaussian,StudentT,Gaussian,360,40000,1.0,6.582307750346254,log_price_density,
validation_2024,StudentT_Gaussian,StudentT,Gaussian,1440,40000,1.0,6.085540948156933,log_price_density,
test_2025,StudentT_Gaussian,StudentT,Gaussian,5,40000,1.0,8.702820145393922,log_price_density,
test_2025,StudentT_Gaussian,StudentT,Gaussian,60,40000,1.0,7.64830041462924,log_price_density,
test_2025,StudentT_Gaussian,StudentT,Gaussian,360,40000,1.0,6.886985897286242,log_price_density,
test_2025,StudentT_Gaussian,StudentT,Gaussian,1440,40000,1.0,6.4719608152307595,log_price_density,
training_2021_2023,StudentT_GaussianMixed,StudentT,GaussianMixed,5,40000,1.0,7.866451036843398,log_price_density,
training_2021_2023,StudentT_GaussianMixed,StudentT,GaussianMixed,60,40000,1.0,7.468856405129004,log_price_density,
training_2021_2023,StudentT_GaussianMixed,StudentT,GaussianMixed,360,40000,1.0,6.768933502172614,log_price_density,
training_2021_2023,StudentT_GaussianMixed,StudentT,GaussianMixed,1440,40000,1.0,6.293720264570324,log_price_density,
validation_2024,StudentT_GaussianMixed,StudentT,GaussianMixed,5,40000,1.0,8.511625495597377,log_price_density,
validation_2024,StudentT_GaussianMixed,StudentT,GaussianMixed,60,40000,1.0,7.40676181395395,log_price_density,
validation_2024,StudentT_GaussianMixed,StudentT,GaussianMixed,360,40000,1.0,6.639096880318768,log_price_density,
validation_2024,StudentT_GaussianMixed,StudentT,GaussianMixed,1440,40000,1.0,6.130276284142563,log_price_density,
test_2025,StudentT_GaussianMixed,StudentT,GaussianMixed,5,40000,1.0,8.751312039901043,log_price_density,
test_2025,StudentT_GaussianMixed,StudentT,GaussianMixed,60,40000,1.0,7.72245174465014,log_price_density,
test_2025,StudentT_GaussianMixed,StudentT,GaussianMixed,360,40000,1.0,6.94959632665329,log_price_density,
test_2025,StudentT_GaussianMixed,StudentT,GaussianMixed,1440,40000,1.0,6.505502800201704,log_price_density,
training_2021_2023,StudentT_StudentT,StudentT,StudentT,5,40000,1.0,8.020816408518419,log_price_density,
training_2021_2023,StudentT_StudentT,StudentT,StudentT,60,40000,1.0,7.662654517313589,log_price_density,
training_2021_2023,StudentT_StudentT,StudentT,StudentT,360,40000,1.0,7.136656426198323,log_price_density,
training_2021_2023,StudentT_StudentT,StudentT,StudentT,1440,40000,1.0,6.683408909618404,log_price_density,
validation_2024,StudentT_StudentT,StudentT,StudentT,5,40000,1.0,8.781202083065782,log_price_density,
validation_2024,StudentT_StudentT,StudentT,StudentT,60,40000,1.0,7.629835721195758,log_price_density,
validation_2024,StudentT_StudentT,StudentT,StudentT,360,40000,1.0,6.928186756340513,log_price_density,
validation_2024,StudentT_StudentT,StudentT,StudentT,1440,40000,1.0,6.450744421354252,log_price_density,
test_2025,StudentT_StudentT,StudentT,StudentT,5,40000,1.0,9.020487520538687,log_price_density,
test_2025,StudentT_StudentT,StudentT,StudentT,60,40000,1.0,8.060882166932645,log_price_density,
test_2025,StudentT_StudentT,StudentT,StudentT,360,40000,1.0,7.359720626102023,log_price_density,
test_2025,StudentT_StudentT,StudentT,StudentT,1440,40000,1.0,6.85628615302931,log_price_density,
training_2021_2023,StudentT_StudentTMixed,StudentT,StudentTMixed,5,40000,1.0,8.02080764348564,log_price_density,
training_2021_2023,StudentT_StudentTMixed,StudentT,StudentTMixed,60,40000,1.0,7.662652857481088,log_price_density,
training_2021_2023,StudentT_StudentTMixed,StudentT,StudentTMixed,360,40000,1.0,7.136661079024318,log_price_density,
training_2021_2023,StudentT_StudentTMixed,StudentT,StudentTMixed,1440,40000,1.0,6.683414734296773,log_price_density,
validation_2024,StudentT_StudentTMixed,StudentT,StudentTMixed,5,40000,1.0,8.781201388549837,log_price_density,
validation_2024,StudentT_StudentTMixed,StudentT,StudentTMixed,60,40000,1.0,7.629834605580008,log_price_density,
validation_2024,StudentT_StudentTMixed,StudentT,StudentTMixed,360,40000,1.0,6.928188545992521,log_price_density,
validation_2024,StudentT_StudentTMixed,StudentT,StudentTMixed,1440,40000,1.0,6.450748281010942,log_price_density,
test_2025,StudentT_StudentTMixed,StudentT,StudentTMixed,5,40000,1.0,9.020488315578651,log_price_density,
test_2025,StudentT_StudentTMixed,StudentT,StudentTMixed,60,40000,1.0,8.060886289229723,log_price_density,
test_2025,StudentT_StudentTMixed,StudentT,StudentTMixed,360,40000,1.0,7.359727531759396,log_price_density,
test_2025,StudentT_StudentTMixed,StudentT,StudentTMixed,1440,40000,1.0,6.856292209667929,log_price_density,
training_2021_2023,StudentT_Frank,StudentT,Frank,5,40000,1.0,7.744986345862855,log_price_density,
training_2021_2023,StudentT_Frank,StudentT,Frank,60,40000,1.0,6.685426617715697,log_price_density,
training_2021_2023,StudentT_Frank,StudentT,Frank,360,40000,1.0,6.091247939496729,log_price_density,
training_2021_2023,StudentT_Frank,StudentT,Frank,1440,40000,1.0,6.083410562986106,log_price_density,
validation_2024,StudentT_Frank,StudentT,Frank,5,40000,1.0,8.25047060990525,log_price_density,
validation_2024,StudentT_Frank,StudentT,Frank,60,40000,1.0,6.580592393192249,log_price_density,
validation_2024,StudentT_Frank,StudentT,Frank,360,40000,1.0,5.9038715550721275,log_price_density,
validation_2024,StudentT_Frank,StudentT,Frank,1440,40000,1.0,5.890752540389428,log_price_density,
test_2025,StudentT_Frank,StudentT,Frank,5,40000,1.0,8.640974483912956,log_price_density,
test_2025,StudentT_Frank,StudentT,Frank,60,40000,1.0,6.899267291977719,log_price_density,
test_2025,StudentT_Frank,StudentT,Frank,360,40000,1.0,6.343617325945416,log_price_density,
test_2025,StudentT_Frank,StudentT,Frank,1440,40000,1.0,6.344498955484677,log_price_density,
training_2021_2023,StudentT_FrankMixed,StudentT,FrankMixed,5,40000,1.0,8.055237042628416,log_price_density,
training_2021_2023,StudentT_FrankMixed,StudentT,FrankMixed,60,40000,1.0,7.890664817298164,log_price_density,
training_2021_2023,StudentT_FrankMixed,StudentT,FrankMixed,360,40000,1.0,7.013781504368349,log_price_density,
training_2021_2023,StudentT_FrankMixed,StudentT,FrankMixed,1440,40000,1.0,6.08356946984547,log_price_density,
validation_2024,StudentT_FrankMixed,StudentT,FrankMixed,5,40000,1.0,5.807193773342394,log_price_density,
validation_2024,StudentT_FrankMixed,StudentT,FrankMixed,60,40000,1.0,5.723969802413053,log_price_density,
validation_2024,StudentT_FrankMixed,StudentT,FrankMixed,360,40000,1.0,5.981973277134216,log_price_density,
validation_2024,StudentT_FrankMixed,StudentT,FrankMixed,1440,40000,1.0,5.890765228003664,log_price_density,
test_2025,StudentT_FrankMixed,StudentT,FrankMixed,5,40000,1.0,6.387217886536233,log_price_density,
test_2025,StudentT_FrankMixed,StudentT,FrankMixed,60,40000,1.0,6.2794083265326295,log_price_density,
test_2025,StudentT_FrankMixed,StudentT,FrankMixed,360,40000,1.0,6.479039722841731,log_price_density,
test_2025,StudentT_FrankMixed,StudentT,FrankMixed,1440,40000,1.0,6.344521001364882,log_price_density,
training_2021_2023,StudentT_Clayton,StudentT,Clayton,5,40000,1.0,7.827284658443779,log_price_density,
training_2021_2023,StudentT_Clayton,StudentT,Clayton,60,40000,1.0,6.583585954396345,log_price_density,
training_2021_2023,StudentT_Clayton,StudentT,Clayton,360,40000,1.0,6.084478214546804,log_price_density,
training_2021_2023,StudentT_Clayton,StudentT,Clayton,1440,40000,1.0,6.083409761241289,log_price_density,
validation_2024,StudentT_Clayton,StudentT,Clayton,5,40000,1.0,8.50129922030878,log_price_density,
validation_2024,StudentT_Clayton,StudentT,Clayton,60,40000,1.0,6.562552429859623,log_price_density,
validation_2024,StudentT_Clayton,StudentT,Clayton,360,40000,1.0,5.895576203639044,log_price_density,
validation_2024,StudentT_Clayton,StudentT,Clayton,1440,40000,1.0,5.89075153815365,log_price_density,
test_2025,StudentT_Clayton,StudentT,Clayton,5,40000,1.0,8.822572626451135,log_price_density,
test_2025,StudentT_Clayton,StudentT,Clayton,60,40000,1.0,6.835406959196046,log_price_density,
test_2025,StudentT_Clayton,StudentT,Clayton,360,40000,1.0,6.3376149711100025,log_price_density,
test_2025,StudentT_Clayton,StudentT,Clayton,1440,40000,1.0,6.344498261864901,log_price_density,
training_2021_2023,StudentT_ClaytonMixed,StudentT,ClaytonMixed,5,40000,1.0,8.173739592466967,log_price_density,
training_2021_2023,StudentT_ClaytonMixed,StudentT,ClaytonMixed,60,40000,1.0,7.999750128570308,log_price_density,
training_2021_2023,StudentT_ClaytonMixed,StudentT,ClaytonMixed,360,40000,1.0,7.046258734298205,log_price_density,
training_2021_2023,StudentT_ClaytonMixed,StudentT,ClaytonMixed,1440,40000,1.0,6.083643127752045,log_price_density,
validation_2024,StudentT_ClaytonMixed,StudentT,ClaytonMixed,5,40000,1.0,5.661988748105671,log_price_density,
validation_2024,StudentT_ClaytonMixed,StudentT,ClaytonMixed,60,40000,1.0,5.714396695848113,log_price_density,
validation_2024,StudentT_ClaytonMixed,StudentT,ClaytonMixed,360,40000,1.0,5.98659382249484,log_price_density,
validation_2024,StudentT_ClaytonMixed,StudentT,ClaytonMixed,1440,40000,1.0,5.89077045163591,log_price_density,
test_2025,StudentT_ClaytonMixed,StudentT,ClaytonMixed,5,40000,1.0,6.371347215595234,log_price_density,
test_2025,StudentT_ClaytonMixed,StudentT,ClaytonMixed,60,40000,1.0,6.302527181066075,log_price_density,
test_2025,StudentT_ClaytonMixed,StudentT,ClaytonMixed,360,40000,1.0,6.4884281053478,log_price_density,
test_2025,StudentT_ClaytonMixed,StudentT,ClaytonMixed,1440,40000,1.0,6.344525832998228,log_price_density,
training_2021_2023,StudentT_SurvivalClayton,StudentT,SurvivalClayton,5,40000,1.0,7.7509652377650475,log_price_density,
training_2021_2023,StudentT_SurvivalClayton,StudentT,SurvivalClayton,60,40000,1.0,6.5482045939135345,log_price_density,
training_2021_2023,StudentT_SurvivalClayton,StudentT,SurvivalClayton,360,40000,1.0,6.084103280740297,log_price_density,
training_2021_2023,StudentT_SurvivalClayton,StudentT,SurvivalClayton,1440,40000,1.0,6.083409759963951,log_price_density,
validation_2024,StudentT_SurvivalClayton,StudentT,SurvivalClayton,5,40000,1.0,7.970012976273148,log_price_density,
validation_2024,StudentT_SurvivalClayton,StudentT,SurvivalClayton,60,40000,1.0,6.344874095621091,log_price_density,
validation_2024,StudentT_SurvivalClayton,StudentT,SurvivalClayton,360,40000,1.0,5.894145299538177,log_price_density,
validation_2024,StudentT_SurvivalClayton,StudentT,SurvivalClayton,1440,40000,1.0,5.890751526723945,log_price_density,
test_2025,StudentT_SurvivalClayton,StudentT,SurvivalClayton,5,40000,1.0,8.312747898370167,log_price_density,
test_2025,StudentT_SurvivalClayton,StudentT,SurvivalClayton,60,40000,1.0,6.6476091016898415,log_price_density,
test_2025,StudentT_SurvivalClayton,StudentT,SurvivalClayton,360,40000,1.0,6.336668214410896,log_price_density,
test_2025,StudentT_SurvivalClayton,StudentT,SurvivalClayton,1440,40000,1.0,6.344498254831462,log_price_density,
training_2021_2023,StudentT_SurvivalClaytonMixed,StudentT,SurvivalClaytonMixed,5,40000,1.0,8.166561736357584,log_price_density,
training_2021_2023,StudentT_SurvivalClaytonMixed,StudentT,SurvivalClaytonMixed,60,40000,1.0,7.9559046576694,log_price_density,
training_2021_2023,StudentT_SurvivalClaytonMixed,StudentT,SurvivalClaytonMixed,360,40000,1.0,7.020461553458474,log_price_density,
training_2021_2023,StudentT_SurvivalClaytonMixed,StudentT,SurvivalClaytonMixed,1440,40000,1.0,6.0836279592133815,log_price_density,
validation_2024,StudentT_SurvivalClaytonMixed,StudentT,SurvivalClaytonMixed,5,40000,1.0,5.9855152142904355,log_price_density,
validation_2024,StudentT_SurvivalClaytonMixed,StudentT,SurvivalClaytonMixed,60,40000,1.0,5.811705615295179,log_price_density,
validation_2024,StudentT_SurvivalClaytonMixed,StudentT,SurvivalClaytonMixed,360,40000,1.0,5.9893095781103,log_price_density,
validation_2024,StudentT_SurvivalClaytonMixed,StudentT,SurvivalClaytonMixed,1440,40000,1.0,5.890766015239456,log_price_density,
test_2025,StudentT_SurvivalClaytonMixed,StudentT,SurvivalClaytonMixed,5,40000,1.0,6.545087162100361,log_price_density,
test_2025,StudentT_SurvivalClaytonMixed,StudentT,SurvivalClaytonMixed,60,40000,1.0,6.347285658071716,log_price_density,
test_2025,StudentT_SurvivalClaytonMixed,StudentT,SurvivalClaytonMixed,360,40000,1.0,6.479444316779829,log_price_density,
test_2025,StudentT_SurvivalClaytonMixed,StudentT,SurvivalClaytonMixed,1440,40000,1.0,6.344518192935987,log_price_density,
training_2021_2023,StudentT_Gumbel,StudentT,Gumbel,5,40000,1.0,7.948222466884784,log_price_density,
training_2021_2023,StudentT_Gumbel,StudentT,Gumbel,60,40000,1.0,6.838974552602956,log_price_density,
training_2021_2023,StudentT_Gumbel,StudentT,Gumbel,360,40000,1.0,6.109851851089603,log_price_density,
training_2021_2023,StudentT_Gumbel,StudentT,Gumbel,1440,40000,1.0,6.083409785024951,log_price_density,
validation_2024,StudentT_Gumbel,StudentT,Gumbel,5,40000,1.0,8.44408732767645,log_price_density,
validation_2024,StudentT_Gumbel,StudentT,Gumbel,60,40000,1.0,6.678546535425078,log_price_density,
validation_2024,StudentT_Gumbel,StudentT,Gumbel,360,40000,1.0,5.912640288956292,log_price_density,
validation_2024,StudentT_Gumbel,StudentT,Gumbel,1440,40000,1.0,5.8907515352362285,log_price_density,
test_2025,StudentT_Gumbel,StudentT,Gumbel,5,40000,1.0,8.70832412946569,log_price_density,
test_2025,StudentT_Gumbel,StudentT,Gumbel,60,40000,1.0,6.931766409823059,log_price_density,
test_2025,StudentT_Gumbel,StudentT,Gumbel,360,40000,1.0,6.347084985316081,log_price_density,
test_2025,StudentT_Gumbel,StudentT,Gumbel,1440,40000,1.0,6.344498259607232,log_price_density,
training_2021_2023,StudentT_GumbelMixed,StudentT,GumbelMixed,5,40000,1.0,8.010474355110095,log_price_density,
training_2021_2023,StudentT_GumbelMixed,StudentT,GumbelMixed,60,40000,1.0,7.876715111136698,log_price_density,
training_2021_2023,StudentT_GumbelMixed,StudentT,GumbelMixed,360,40000,1.0,6.9828850662025825,log_price_density,
training_2021_2023,StudentT_GumbelMixed,StudentT,GumbelMixed,1440,40000,1.0,6.083492638117562,log_price_density,
validation_2024,StudentT_GumbelMixed,StudentT,GumbelMixed,5,40000,1.0,5.493354144290695,log_price_density,
validation_2024,StudentT_GumbelMixed,StudentT,GumbelMixed,60,40000,1.0,5.653182398793002,log_price_density,
validation_2024,StudentT_GumbelMixed,StudentT,GumbelMixed,360,40000,1.0,5.967854269350939,log_price_density,
validation_2024,StudentT_GumbelMixed,StudentT,GumbelMixed,1440,40000,1.0,5.8907572997121775,log_price_density,
test_2025,StudentT_GumbelMixed,StudentT,GumbelMixed,5,40000,1.0,6.240350883762052,log_price_density,
test_2025,StudentT_GumbelMixed,StudentT,GumbelMixed,60,40000,1.0,6.2472677056861805,log_price_density,
test_2025,StudentT_GumbelMixed,StudentT,GumbelMixed,360,40000,1.0,6.464974908997826,log_price_density,
test_2025,StudentT_GumbelMixed,StudentT,GumbelMixed,1440,40000,1.0,6.3445066870209255,log_price_density,
training_2021_2023,StudentT_SurvivalGumbel,StudentT,SurvivalGumbel,5,40000,1.0,7.995766699330874,log_price_density,
training_2021_2023,StudentT_SurvivalGumbel,StudentT,SurvivalGumbel,60,40000,1.0,6.86327110352142,log_price_density,
training_2021_2023,StudentT_SurvivalGumbel,StudentT,SurvivalGumbel,360,40000,1.0,6.110377926183683,log_price_density,
training_2021_2023,StudentT_SurvivalGumbel,StudentT,SurvivalGumbel,1440,40000,1.0,6.08340977993665,log_price_density,
validation_2024,StudentT_SurvivalGumbel,StudentT,SurvivalGumbel,5,40000,1.0,8.659575236690483,log_price_density,
validation_2024,StudentT_SurvivalGumbel,StudentT,SurvivalGumbel,60,40000,1.0,6.836636680466193,log_price_density,
validation_2024,StudentT_SurvivalGumbel,StudentT,SurvivalGumbel,360,40000,1.0,5.927630934773151,log_price_density,
validation_2024,StudentT_SurvivalGumbel,StudentT,SurvivalGumbel,1440,40000,1.0,5.89075155696306,log_price_density,
test_2025,StudentT_SurvivalGumbel,StudentT,SurvivalGumbel,5,40000,1.0,8.898578295320316,log_price_density,
test_2025,StudentT_SurvivalGumbel,StudentT,SurvivalGumbel,60,40000,1.0,7.081934494268478,log_price_density,
test_2025,StudentT_SurvivalGumbel,StudentT,SurvivalGumbel,360,40000,1.0,6.357219889793592,log_price_density,
test_2025,StudentT_SurvivalGumbel,StudentT,SurvivalGumbel,1440,40000,1.0,6.344498272718005,log_price_density,
training_2021_2023,StudentT_SurvivalGumbelMixed,StudentT,SurvivalGumbelMixed,5,40000,1.0,8.022524634034083,log_price_density,
training_2021_2023,StudentT_SurvivalGumbelMixed,StudentT,SurvivalGumbelMixed,60,40000,1.0,7.890853728219782,log_price_density,
training_2021_2023,StudentT_SurvivalGumbelMixed,StudentT,SurvivalGumbelMixed,360,40000,1.0,6.98272738329887,log_price_density,
training_2021_2023,StudentT_SurvivalGumbelMixed,StudentT,SurvivalGumbelMixed,1440,40000,1.0,6.083586607975501,log_price_density,
validation_2024,StudentT_SurvivalGumbelMixed,StudentT,SurvivalGumbelMixed,5,40000,1.0,5.449958574255817,log_price_density,
validation_2024,StudentT_SurvivalGumbelMixed,StudentT,SurvivalGumbelMixed,60,40000,1.0,5.66353630195621,log_price_density,
validation_2024,StudentT_SurvivalGumbelMixed,StudentT,SurvivalGumbelMixed,360,40000,1.0,5.9731202964351064,log_price_density,
validation_2024,StudentT_SurvivalGumbelMixed,StudentT,SurvivalGumbelMixed,1440,40000,1.0,5.890765268499286,log_price_density,
test_2025,StudentT_SurvivalGumbelMixed,StudentT,SurvivalGumbelMixed,5,40000,1.0,6.255528811055036,log_price_density,
test_2025,StudentT_SurvivalGumbelMixed,StudentT,SurvivalGumbelMixed,60,40000,1.0,6.268613427821482,log_price_density,
test_2025,StudentT_SurvivalGumbelMixed,StudentT,SurvivalGumbelMixed,360,40000,1.0,6.472678458652348,log_price_density,
test_2025,StudentT_SurvivalGumbelMixed,StudentT,SurvivalGumbelMixed,1440,40000,1.0,6.344518622257006,log_price_density,
training_2021_2023,SkewStudentT_Gaussian,SkewStudentT,Gaussian,5,40000,1.0,7.852415177856164,log_price_density,
training_2021_2023,SkewStudentT_Gaussian,SkewStudentT,Gaussian,60,40000,1.0,7.399141478910694,log_price_density,
training_2021_2023,SkewStudentT_Gaussian,SkewStudentT,Gaussian,360,40000,1.0,6.706364540320918,log_price_density,
training_2021_2023,SkewStudentT_Gaussian,SkewStudentT,Gaussian,1440,40000,1.0,6.251983307816088,log_price_density,
validation_2024,SkewStudentT_Gaussian,SkewStudentT,Gaussian,5,40000,1.0,8.42876340883262,log_price_density,
validation_2024,SkewStudentT_Gaussian,SkewStudentT,Gaussian,60,40000,1.0,7.343093771238637,log_price_density,
validation_2024,SkewStudentT_Gaussian,SkewStudentT,Gaussian,360,40000,1.0,6.579107351887945,log_price_density,
validation_2024,SkewStudentT_Gaussian,SkewStudentT,Gaussian,1440,40000,1.0,6.086713094433961,log_price_density,
test_2025,SkewStudentT_Gaussian,SkewStudentT,Gaussian,5,40000,1.0,8.698734323911394,log_price_density,
test_2025,SkewStudentT_Gaussian,SkewStudentT,Gaussian,60,40000,1.0,7.6439784068811685,log_price_density,
test_2025,SkewStudentT_Gaussian,SkewStudentT,Gaussian,360,40000,1.0,6.883855556914443,log_price_density,
test_2025,SkewStudentT_Gaussian,SkewStudentT,Gaussian,1440,40000,1.0,6.472340942346434,log_price_density,
training_2021_2023,SkewStudentT_GaussianMixed,SkewStudentT,GaussianMixed,5,40000,1.0,7.8660451201914565,log_price_density,
training_2021_2023,SkewStudentT_GaussianMixed,SkewStudentT,GaussianMixed,60,40000,1.0,7.466887843233792,log_price_density,
training_2021_2023,SkewStudentT_GaussianMixed,SkewStudentT,GaussianMixed,360,40000,1.0,6.767206733791112,log_price_density,
training_2021_2023,SkewStudentT_GaussianMixed,SkewStudentT,GaussianMixed,1440,40000,1.0,6.2931078410209045,log_price_density,
validation_2024,SkewStudentT_GaussianMixed,SkewStudentT,GaussianMixed,5,40000,1.0,8.507422534346864,log_price_density,
validation_2024,SkewStudentT_GaussianMixed,SkewStudentT,GaussianMixed,60,40000,1.0,7.402267933777466,log_price_density,
validation_2024,SkewStudentT_GaussianMixed,SkewStudentT,GaussianMixed,360,40000,1.0,6.635649612454878,log_price_density,
validation_2024,SkewStudentT_GaussianMixed,SkewStudentT,GaussianMixed,1440,40000,1.0,6.130796701031277,log_price_density,
test_2025,SkewStudentT_GaussianMixed,SkewStudentT,GaussianMixed,5,40000,1.0,8.74736280660437,log_price_density,
test_2025,SkewStudentT_GaussianMixed,SkewStudentT,GaussianMixed,60,40000,1.0,7.718219958823172,log_price_density,
test_2025,SkewStudentT_GaussianMixed,SkewStudentT,GaussianMixed,360,40000,1.0,6.946302246671717,log_price_density,
test_2025,SkewStudentT_GaussianMixed,SkewStudentT,GaussianMixed,1440,40000,1.0,6.505346664356427,log_price_density,
training_2021_2023,SkewStudentT_StudentT,SkewStudentT,StudentT,5,40000,1.0,8.02144181753821,log_price_density,
training_2021_2023,SkewStudentT_StudentT,SkewStudentT,StudentT,60,40000,1.0,7.661432402650923,log_price_density,
training_2021_2023,SkewStudentT_StudentT,SkewStudentT,StudentT,360,40000,1.0,7.134677126884411,log_price_density,
training_2021_2023,SkewStudentT_StudentT,SkewStudentT,StudentT,1440,40000,1.0,6.68118574320701,log_price_density,
validation_2024,SkewStudentT_StudentT,SkewStudentT,StudentT,5,40000,1.0,8.778521330319103,log_price_density,
validation_2024,SkewStudentT_StudentT,SkewStudentT,StudentT,60,40000,1.0,7.627226502109492,log_price_density,
validation_2024,SkewStudentT_StudentT,SkewStudentT,StudentT,360,40000,1.0,6.925049515868937,log_price_density,
validation_2024,SkewStudentT_StudentT,SkewStudentT,StudentT,1440,40000,1.0,6.448859901786039,log_price_density,
test_2025,SkewStudentT_StudentT,SkewStudentT,StudentT,5,40000,1.0,9.01815710190658,log_price_density,
test_2025,SkewStudentT_StudentT,SkewStudentT,StudentT,60,40000,1.0,8.05792908947688,log_price_density,
test_2025,SkewStudentT_StudentT,SkewStudentT,StudentT,360,40000,1.0,7.356662432607508,log_price_density,
test_2025,SkewStudentT_StudentT,SkewStudentT,StudentT,1440,40000,1.0,6.854167314571969,log_price_density,
training_2021_2023,SkewStudentT_StudentTMixed,SkewStudentT,StudentTMixed,5,40000,1.0,8.021433100280332,log_price_density,
training_2021_2023,SkewStudentT_StudentTMixed,SkewStudentT,StudentTMixed,60,40000,1.0,7.661430780986371,log_price_density,
training_2021_2023,SkewStudentT_StudentTMixed,SkewStudentT,StudentTMixed,360,40000,1.0,7.134681799653795,log_price_density,
training_2021_2023,SkewStudentT_StudentTMixed,SkewStudentT,StudentTMixed,1440,40000,1.0,6.68119157660477,log_price_density,
validation_2024,SkewStudentT_StudentTMixed,SkewStudentT,StudentTMixed,5,40000,1.0,8.778520730133653,log_price_density,
validation_2024,SkewStudentT_StudentTMixed,SkewStudentT,StudentTMixed,60,40000,1.0,7.62722549626622,log_price_density,
validation_2024,SkewStudentT_StudentTMixed,SkewStudentT,StudentTMixed,360,40000,1.0,6.925051391108847,log_price_density,
validation_2024,SkewStudentT_StudentTMixed,SkewStudentT,StudentTMixed,1440,40000,1.0,6.448863811301625,log_price_density,
test_2025,SkewStudentT_StudentTMixed,SkewStudentT,StudentTMixed,5,40000,1.0,9.018157991192167,log_price_density,
test_2025,SkewStudentT_StudentTMixed,SkewStudentT,StudentTMixed,60,40000,1.0,8.057933304608303,log_price_density,
test_2025,SkewStudentT_StudentTMixed,SkewStudentT,StudentTMixed,360,40000,1.0,7.356669408765591,log_price_density,
test_2025,SkewStudentT_StudentTMixed,SkewStudentT,StudentTMixed,1440,40000,1.0,6.854173399439178,log_price_density,
training_2021_2023,SkewStudentT_Frank,SkewStudentT,Frank,5,40000,1.0,7.745572824955061,log_price_density,
training_2021_2023,SkewStudentT_Frank,SkewStudentT,Frank,60,40000,1.0,6.685609227065352,log_price_density,
training_2021_2023,SkewStudentT_Frank,SkewStudentT,Frank,360,40000,1.0,6.091690470803519,log_price_density,
training_2021_2023,SkewStudentT_Frank,SkewStudentT,Frank,1440,40000,1.0,6.083899257622875,log_price_density,
validation_2024,SkewStudentT_Frank,SkewStudentT,Frank,5,40000,1.0,8.252407702446414,log_price_density,
validation_2024,SkewStudentT_Frank,SkewStudentT,Frank,60,40000,1.0,6.581404549976115,log_price_density,
validation_2024,SkewStudentT_Frank,SkewStudentT,Frank,360,40000,1.0,5.908124049070367,log_price_density,
validation_2024,SkewStudentT_Frank,SkewStudentT,Frank,1440,40000,1.0,5.895107937998894,log_price_density,
test_2025,SkewStudentT_Frank,SkewStudentT,Frank,5,40000,1.0,8.64279512735153,log_price_density,
test_2025,SkewStudentT_Frank,SkewStudentT,Frank,60,40000,1.0,6.898765330854783,log_price_density,
test_2025,SkewStudentT_Frank,SkewStudentT,Frank,360,40000,1.0,6.346750102143431,log_price_density,
test_2025,SkewStudentT_Frank,SkewStudentT,Frank,1440,40000,1.0,6.347589092225424,log_price_density,
training_2021_2023,SkewStudentT_FrankMixed,SkewStudentT,FrankMixed,5,40000,1.0,8.054217909750903,log_price_density,
training_2021_2023,SkewStudentT_FrankMixed,SkewStudentT,FrankMixed,60,40000,1.0,7.890520506744327,log_price_density,
training_2021_2023,SkewStudentT_FrankMixed,SkewStudentT,FrankMixed,360,40000,1.0,7.014305389461067,log_price_density,
training_2021_2023,SkewStudentT_FrankMixed,SkewStudentT,FrankMixed,1440,40000,1.0,6.084058166187332,log_price_density,
validation_2024,SkewStudentT_FrankMixed,SkewStudentT,FrankMixed,5,40000,1.0,5.798803331013248,log_price_density,
validation_2024,SkewStudentT_FrankMixed,SkewStudentT,FrankMixed,60,40000,1.0,5.722531068543873,log_price_density,
validation_2024,SkewStudentT_FrankMixed,SkewStudentT,FrankMixed,360,40000,1.0,5.985412477867288,log_price_density,
validation_2024,SkewStudentT_FrankMixed,SkewStudentT,FrankMixed,1440,40000,1.0,5.895120522783131,log_price_density,
test_2025,SkewStudentT_FrankMixed,SkewStudentT,FrankMixed,5,40000,1.0,6.3815152332839,log_price_density,
test_2025,SkewStudentT_FrankMixed,SkewStudentT,FrankMixed,60,40000,1.0,6.278877803032854,log_price_density,
test_2025,SkewStudentT_FrankMixed,SkewStudentT,FrankMixed,360,40000,1.0,6.481754498379981,log_price_density,
test_2025,SkewStudentT_FrankMixed,SkewStudentT,FrankMixed,1440,40000,1.0,6.347611094965677,log_price_density,
training_2021_2023,SkewStudentT_Clayton,SkewStudentT,Clayton,5,40000,1.0,7.833857189108073,log_price_density,
training_2021_2023,SkewStudentT_Clayton,SkewStudentT,Clayton,60,40000,1.0,6.576700357132207,log_price_density,
training_2021_2023,SkewStudentT_Clayton,SkewStudentT,Clayton,360,40000,1.0,6.084845450735446,log_price_density,
training_2021_2023,SkewStudentT_Clayton,SkewStudentT,Clayton,1440,40000,1.0,6.083898453836766,log_price_density,
validation_2024,SkewStudentT_Clayton,SkewStudentT,Clayton,5,40000,1.0,8.49827067297857,log_price_density,
validation_2024,SkewStudentT_Clayton,SkewStudentT,Clayton,60,40000,1.0,6.552938818001517,log_price_density,
validation_2024,SkewStudentT_Clayton,SkewStudentT,Clayton,360,40000,1.0,5.899778549832142,log_price_density,
validation_2024,SkewStudentT_Clayton,SkewStudentT,Clayton,1440,40000,1.0,5.895106942485161,log_price_density,
test_2025,SkewStudentT_Clayton,SkewStudentT,Clayton,5,40000,1.0,8.819886894000886,log_price_density,
test_2025,SkewStudentT_Clayton,SkewStudentT,Clayton,60,40000,1.0,6.828486317876016,log_price_density,
test_2025,SkewStudentT_Clayton,SkewStudentT,Clayton,360,40000,1.0,6.340757808798438,log_price_density,
test_2025,SkewStudentT_Clayton,SkewStudentT,Clayton,1440,40000,1.0,6.3475884071510835,log_price_density,
training_2021_2023,SkewStudentT_ClaytonMixed,SkewStudentT,ClaytonMixed,5,40000,1.0,8.170897165591638,log_price_density,
training_2021_2023,SkewStudentT_ClaytonMixed,SkewStudentT,ClaytonMixed,60,40000,1.0,7.997650526792557,log_price_density,
training_2021_2023,SkewStudentT_ClaytonMixed,SkewStudentT,ClaytonMixed,360,40000,1.0,7.04414069650694,log_price_density,
training_2021_2023,SkewStudentT_ClaytonMixed,SkewStudentT,ClaytonMixed,1440,40000,1.0,6.084122008034006,log_price_density,
validation_2024,SkewStudentT_ClaytonMixed,SkewStudentT,ClaytonMixed,5,40000,1.0,5.667493148024238,log_price_density,
validation_2024,SkewStudentT_ClaytonMixed,SkewStudentT,ClaytonMixed,60,40000,1.0,5.719011349647191,log_price_density,
validation_2024,SkewStudentT_ClaytonMixed,SkewStudentT,ClaytonMixed,360,40000,1.0,5.990755974677784,log_price_density,
validation_2024,SkewStudentT_ClaytonMixed,SkewStudentT,ClaytonMixed,1440,40000,1.0,5.895125138515497,log_price_density,
test_2025,SkewStudentT_ClaytonMixed,SkewStudentT,ClaytonMixed,5,40000,1.0,6.371159602009026,log_price_density,
test_2025,SkewStudentT_ClaytonMixed,SkewStudentT,ClaytonMixed,60,40000,1.0,6.304606621421114,log_price_density,
test_2025,SkewStudentT_ClaytonMixed,SkewStudentT,ClaytonMixed,360,40000,1.0,6.491125259653645,log_price_density,
test_2025,SkewStudentT_ClaytonMixed,SkewStudentT,ClaytonMixed,1440,40000,1.0,6.347615149404283,log_price_density,
training_2021_2023,SkewStudentT_SurvivalClayton,SkewStudentT,SurvivalClayton,5,40000,1.0,7.744534343006283,log_price_density,
training_2021_2023,SkewStudentT_SurvivalClayton,SkewStudentT,SurvivalClayton,60,40000,1.0,6.553107140168759,log_price_density,
training_2021_2023,SkewStudentT_SurvivalClayton,SkewStudentT,SurvivalClayton,360,40000,1.0,6.084577469981675,log_price_density,
training_2021_2023,SkewStudentT_SurvivalClayton,SkewStudentT,SurvivalClayton,1440,40000,1.0,6.0838984544732755,log_price_density,
validation_2024,SkewStudentT_SurvivalClayton,SkewStudentT,SurvivalClayton,5,40000,1.0,7.970325950281748,log_price_density,
validation_2024,SkewStudentT_SurvivalClayton,SkewStudentT,SurvivalClayton,60,40000,1.0,6.3513620306248555,log_price_density,
validation_2024,SkewStudentT_SurvivalClayton,SkewStudentT,SurvivalClayton,360,40000,1.0,5.898488979648738,log_price_density,
validation_2024,SkewStudentT_SurvivalClayton,SkewStudentT,SurvivalClayton,1440,40000,1.0,5.895106931777336,log_price_density,
test_2025,SkewStudentT_SurvivalClayton,SkewStudentT,SurvivalClayton,5,40000,1.0,8.313183820289899,log_price_density,
test_2025,SkewStudentT_SurvivalClayton,SkewStudentT,SurvivalClayton,60,40000,1.0,6.650447312056286,log_price_density,
test_2025,SkewStudentT_SurvivalClayton,SkewStudentT,SurvivalClayton,360,40000,1.0,6.339885411581048,log_price_density,
test_2025,SkewStudentT_SurvivalClayton,SkewStudentT,SurvivalClayton,1440,40000,1.0,6.347588400074767,log_price_density,
training_2021_2023,SkewStudentT_SurvivalClaytonMixed,SkewStudentT,SurvivalClaytonMixed,5,40000,1.0,8.165813897308087,log_price_density,
training_2021_2023,SkewStudentT_SurvivalClaytonMixed,SkewStudentT,SurvivalClaytonMixed,60,40000,1.0,7.956517696969754,log_price_density,
training_2021_2023,SkewStudentT_SurvivalClaytonMixed,SkewStudentT,SurvivalClaytonMixed,360,40000,1.0,7.02254916611565,log_price_density,
training_2021_2023,SkewStudentT_SurvivalClaytonMixed,SkewStudentT,SurvivalClaytonMixed,1440,40000,1.0,6.084120942389942,log_price_density,
validation_2024,SkewStudentT_SurvivalClaytonMixed,SkewStudentT,SurvivalClaytonMixed,5,40000,1.0,5.972363654436473,log_price_density,
validation_2024,SkewStudentT_SurvivalClaytonMixed,SkewStudentT,SurvivalClaytonMixed,60,40000,1.0,5.806881741023076,log_price_density,
validation_2024,SkewStudentT_SurvivalClaytonMixed,SkewStudentT,SurvivalClaytonMixed,360,40000,1.0,5.992060147488023,log_price_density,
validation_2024,SkewStudentT_SurvivalClaytonMixed,SkewStudentT,SurvivalClaytonMixed,1440,40000,1.0,5.895121561825019,log_price_density,
test_2025,SkewStudentT_SurvivalClaytonMixed,SkewStudentT,SurvivalClaytonMixed,5,40000,1.0,6.538172985202782,log_price_density,
test_2025,SkewStudentT_SurvivalClaytonMixed,SkewStudentT,SurvivalClaytonMixed,60,40000,1.0,6.3454057137883995,log_price_density,
test_2025,SkewStudentT_SurvivalClaytonMixed,SkewStudentT,SurvivalClaytonMixed,360,40000,1.0,6.481971866762241,log_price_density,
test_2025,SkewStudentT_SurvivalClaytonMixed,SkewStudentT,SurvivalClaytonMixed,1440,40000,1.0,6.347608494534073,log_price_density,
training_2021_2023,SkewStudentT_Gumbel,SkewStudentT,Gumbel,5,40000,1.0,7.94281859335694,log_price_density,
training_2021_2023,SkewStudentT_Gumbel,SkewStudentT,Gumbel,60,40000,1.0,6.8403355861361925,log_price_density,
training_2021_2023,SkewStudentT_Gumbel,SkewStudentT,Gumbel,360,40000,1.0,6.110727992684221,log_price_density,
training_2021_2023,SkewStudentT_Gumbel,SkewStudentT,Gumbel,1440,40000,1.0,6.083898480294375,log_price_density,
validation_2024,SkewStudentT_Gumbel,SkewStudentT,Gumbel,5,40000,1.0,8.439524892132539,log_price_density,
validation_2024,SkewStudentT_Gumbel,SkewStudentT,Gumbel,60,40000,1.0,6.6786805465562855,log_price_density,
validation_2024,SkewStudentT_Gumbel,SkewStudentT,Gumbel,360,40000,1.0,5.917054260786755,log_price_density,
validation_2024,SkewStudentT_Gumbel,SkewStudentT,Gumbel,1440,40000,1.0,5.895106940552352,log_price_density,
test_2025,SkewStudentT_Gumbel,SkewStudentT,Gumbel,5,40000,1.0,8.704479977359082,log_price_density,
test_2025,SkewStudentT_Gumbel,SkewStudentT,Gumbel,60,40000,1.0,6.930624437721752,log_price_density,
test_2025,SkewStudentT_Gumbel,SkewStudentT,Gumbel,360,40000,1.0,6.3501816467556385,log_price_density,
test_2025,SkewStudentT_Gumbel,SkewStudentT,Gumbel,1440,40000,1.0,6.347588405106396,log_price_density,
training_2021_2023,SkewStudentT_GumbelMixed,SkewStudentT,GumbelMixed,5,40000,1.0,8.011716495941123,log_price_density,
training_2021_2023,SkewStudentT_GumbelMixed,SkewStudentT,GumbelMixed,60,40000,1.0,7.877585788075699,log_price_density,
training_2021_2023,SkewStudentT_GumbelMixed,SkewStudentT,GumbelMixed,360,40000,1.0,6.983476286946163,log_price_density,
training_2021_2023,SkewStudentT_GumbelMixed,SkewStudentT,GumbelMixed,1440,40000,1.0,6.08398163927341,log_price_density,
validation_2024,SkewStudentT_GumbelMixed,SkewStudentT,GumbelMixed,5,40000,1.0,5.495136282753033,log_price_density,
validation_2024,SkewStudentT_GumbelMixed,SkewStudentT,GumbelMixed,60,40000,1.0,5.656731858151409,log_price_density,
validation_2024,SkewStudentT_GumbelMixed,SkewStudentT,GumbelMixed,360,40000,1.0,5.971995091197177,log_price_density,
validation_2024,SkewStudentT_GumbelMixed,SkewStudentT,GumbelMixed,1440,40000,1.0,5.8951126805074,log_price_density,
test_2025,SkewStudentT_GumbelMixed,SkewStudentT,GumbelMixed,5,40000,1.0,6.2420120738541955,log_price_density,
test_2025,SkewStudentT_GumbelMixed,SkewStudentT,GumbelMixed,60,40000,1.0,6.249988574998569,log_price_density,
test_2025,SkewStudentT_GumbelMixed,SkewStudentT,GumbelMixed,360,40000,1.0,6.468053972235236,log_price_density,
test_2025,SkewStudentT_GumbelMixed,SkewStudentT,GumbelMixed,1440,40000,1.0,6.347596798744052,log_price_density,
training_2021_2023,SkewStudentT_SurvivalGumbel,SkewStudentT,SurvivalGumbel,5,40000,1.0,8.00050564418225,log_price_density,
training_2021_2023,SkewStudentT_SurvivalGumbel,SkewStudentT,SurvivalGumbel,60,40000,1.0,6.858440701868976,log_price_density,
training_2021_2023,SkewStudentT_SurvivalGumbel,SkewStudentT,SurvivalGumbel,360,40000,1.0,6.109645114472673,log_price_density,
training_2021_2023,SkewStudentT_SurvivalGumbel,SkewStudentT,SurvivalGumbel,1440,40000,1.0,6.083898472634903,log_price_density,
validation_2024,SkewStudentT_SurvivalGumbel,SkewStudentT,SurvivalGumbel,5,40000,1.0,8.656822532449496,log_price_density,
validation_2024,SkewStudentT_SurvivalGumbel,SkewStudentT,SurvivalGumbel,60,40000,1.0,6.828647296188593,log_price_density,
validation_2024,SkewStudentT_SurvivalGumbel,SkewStudentT,SurvivalGumbel,360,40000,1.0,5.93022766304195,log_price_density,
validation_2024,SkewStudentT_SurvivalGumbel,SkewStudentT,SurvivalGumbel,1440,40000,1.0,5.895106959833669,log_price_density,
test_2025,SkewStudentT_SurvivalGumbel,SkewStudentT,SurvivalGumbel,5,40000,1.0,8.895749541285472,log_price_density,
test_2025,SkewStudentT_SurvivalGumbel,SkewStudentT,SurvivalGumbel,60,40000,1.0,7.075165449413622,log_price_density,
test_2025,SkewStudentT_SurvivalGumbel,SkewStudentT,SurvivalGumbel,360,40000,1.0,6.3594388008698735,log_price_density,
test_2025,SkewStudentT_SurvivalGumbel,SkewStudentT,SurvivalGumbel,1440,40000,1.0,6.347588417132505,log_price_density,
training_2021_2023,SkewStudentT_SurvivalGumbelMixed,SkewStudentT,SurvivalGumbelMixed,5,40000,1.0,8.02071197126202,log_price_density,
training_2021_2023,SkewStudentT_SurvivalGumbelMixed,SkewStudentT,SurvivalGumbelMixed,60,40000,1.0,7.889285964190787,log_price_density,
training_2021_2023,SkewStudentT_SurvivalGumbelMixed,SkewStudentT,SurvivalGumbelMixed,360,40000,1.0,6.981578427083808,log_price_density,
training_2021_2023,SkewStudentT_SurvivalGumbelMixed,SkewStudentT,SurvivalGumbelMixed,1440,40000,1.0,6.08406970758292,log_price_density,
validation_2024,SkewStudentT_SurvivalGumbelMixed,SkewStudentT,SurvivalGumbelMixed,5,40000,1.0,5.451531706909509,log_price_density,
validation_2024,SkewStudentT_SurvivalGumbelMixed,SkewStudentT,SurvivalGumbelMixed,60,40000,1.0,5.6669690819920735,log_price_density,
validation_2024,SkewStudentT_SurvivalGumbelMixed,SkewStudentT,SurvivalGumbelMixed,360,40000,1.0,5.977125503412283,log_price_density,
validation_2024,SkewStudentT_SurvivalGumbelMixed,SkewStudentT,SurvivalGumbelMixed,1440,40000,1.0,5.895120252538365,log_price_density,
test_2025,SkewStudentT_SurvivalGumbelMixed,SkewStudentT,SurvivalGumbelMixed,5,40000,1.0,6.255528322241978,log_price_density,
test_2025,SkewStudentT_SurvivalGumbelMixed,SkewStudentT,SurvivalGumbelMixed,60,40000,1.0,6.270831439338019,log_price_density,
test_2025,SkewStudentT_SurvivalGumbelMixed,SkewStudentT,SurvivalGumbelMixed,360,40000,1.0,6.4754967275527235,log_price_density,
test_2025,SkewStudentT_SurvivalGumbelMixed,SkewStudentT,SurvivalGumbelMixed,1440,40000,1.0,6.347608281771571,log_price_density,
training_2021_2023,GED_Gaussian,GED,Gaussian,5,40000,1.0,7.793830087677435,log_price_density,
training_2021_2023,GED_Gaussian,GED,Gaussian,60,40000,1.0,7.367439527797535,log_price_density,
training_2021_2023,GED_Gaussian,GED,Gaussian,360,40000,1.0,6.678088677972685,log_price_density,
training_2021_2023,GED_Gaussian,GED,Gaussian,1440,40000,1.0,6.2371319079300305,log_price_density,
validation_2024,GED_Gaussian,GED,Gaussian,5,40000,1.0,8.351241401761186,log_price_density,
validation_2024,GED_Gaussian,GED,Gaussian,60,40000,1.0,7.265778157513385,log_price_density,
validation_2024,GED_Gaussian,GED,Gaussian,360,40000,1.0,6.506787615569894,log_price_density,
validation_2024,GED_Gaussian,GED,Gaussian,1440,40000,1.0,6.0250593932108805,log_price_density,
test_2025,GED_Gaussian,GED,Gaussian,5,40000,1.0,8.610607701944895,log_price_density,
test_2025,GED_Gaussian,GED,Gaussian,60,40000,1.0,7.558453077749491,log_price_density,
test_2025,GED_Gaussian,GED,Gaussian,360,40000,1.0,6.797961548264689,log_price_density,
test_2025,GED_Gaussian,GED,Gaussian,1440,40000,1.0,6.3824879234086085,log_price_density,
training_2021_2023,GED_GaussianMixed,GED,GaussianMixed,5,40000,1.0,7.818832558780491,log_price_density,
training_2021_2023,GED_GaussianMixed,GED,GaussianMixed,60,40000,1.0,7.433339068754308,log_price_density,
training_2021_2023,GED_GaussianMixed,GED,GaussianMixed,360,40000,1.0,6.737624248870075,log_price_density,
training_2021_2023,GED_GaussianMixed,GED,GaussianMixed,1440,40000,1.0,6.276227566808816,log_price_density,
validation_2024,GED_GaussianMixed,GED,GaussianMixed,5,40000,1.0,8.439529154912007,log_price_density,
validation_2024,GED_GaussianMixed,GED,GaussianMixed,60,40000,1.0,7.327503167799152,log_price_density,
validation_2024,GED_GaussianMixed,GED,GaussianMixed,360,40000,1.0,6.564492003632261,log_price_density,
validation_2024,GED_GaussianMixed,GED,GaussianMixed,1440,40000,1.0,6.067739738415107,log_price_density,
test_2025,GED_GaussianMixed,GED,GaussianMixed,5,40000,1.0,8.664226814214134,log_price_density,
test_2025,GED_GaussianMixed,GED,GaussianMixed,60,40000,1.0,7.633167014539616,log_price_density,
test_2025,GED_GaussianMixed,GED,GaussianMixed,360,40000,1.0,6.860988155114742,log_price_density,
test_2025,GED_GaussianMixed,GED,GaussianMixed,1440,40000,1.0,6.416361698514605,log_price_density,
training_2021_2023,GED_StudentT,GED,StudentT,5,40000,1.0,8.05323894300183,log_price_density,
training_2021_2023,GED_StudentT,GED,StudentT,60,40000,1.0,7.651652836143316,log_price_density,
training_2021_2023,GED_StudentT,GED,StudentT,360,40000,1.0,7.100724377483585,log_price_density,
training_2021_2023,GED_StudentT,GED,StudentT,1440,40000,1.0,6.644919730258148,log_price_density,
validation_2024,GED_StudentT,GED,StudentT,5,40000,1.0,8.757246520576137,log_price_density,
validation_2024,GED_StudentT,GED,StudentT,60,40000,1.0,7.606575250044945,log_price_density,
validation_2024,GED_StudentT,GED,StudentT,360,40000,1.0,6.897593455313816,log_price_density,
validation_2024,GED_StudentT,GED,StudentT,1440,40000,1.0,6.4094104982550535,log_price_density,
test_2025,GED_StudentT,GED,StudentT,5,40000,1.0,8.981383423429552,log_price_density,
test_2025,GED_StudentT,GED,StudentT,60,40000,1.0,8.007770728820498,log_price_density,
test_2025,GED_StudentT,GED,StudentT,360,40000,1.0,7.294683118793696,log_price_density,
test_2025,GED_StudentT,GED,StudentT,1440,40000,1.0,6.7827208662407354,log_price_density,
training_2021_2023,GED_StudentTMixed,GED,StudentTMixed,5,40000,1.0,8.053230864304544,log_price_density,
training_2021_2023,GED_StudentTMixed,GED,StudentTMixed,60,40000,1.0,7.6516522280131,log_price_density,
training_2021_2023,GED_StudentTMixed,GED,StudentTMixed,360,40000,1.0,7.100729511532621,log_price_density,
training_2021_2023,GED_StudentTMixed,GED,StudentTMixed,1440,40000,1.0,6.64493132530468,log_price_density,
validation_2024,GED_StudentTMixed,GED,StudentTMixed,5,40000,1.0,8.757247435145574,log_price_density,
validation_2024,GED_StudentTMixed,GED,StudentTMixed,60,40000,1.0,7.606576007641836,log_price_density,
validation_2024,GED_StudentTMixed,GED,StudentTMixed,360,40000,1.0,6.897596823916834,log_price_density,
validation_2024,GED_StudentTMixed,GED,StudentTMixed,1440,40000,1.0,6.409415356000597,log_price_density,
test_2025,GED_StudentTMixed,GED,StudentTMixed,5,40000,1.0,8.981385412381885,log_price_density,
test_2025,GED_StudentTMixed,GED,StudentTMixed,60,40000,1.0,8.007776030141251,log_price_density,
test_2025,GED_StudentTMixed,GED,StudentTMixed,360,40000,1.0,7.294690929318036,log_price_density,
test_2025,GED_StudentTMixed,GED,StudentTMixed,1440,40000,1.0,6.782727712614264,log_price_density,
training_2021_2023,GED_Frank,GED,Frank,5,40000,1.0,7.739326250504753,log_price_density,
training_2021_2023,GED_Frank,GED,Frank,60,40000,1.0,6.668461094039517,log_price_density,
training_2021_2023,GED_Frank,GED,Frank,360,40000,1.0,6.084296120828331,log_price_density,
training_2021_2023,GED_Frank,GED,Frank,1440,40000,1.0,6.078210057930178,log_price_density,
validation_2024,GED_Frank,GED,Frank,5,40000,1.0,8.190793920625273,log_price_density,
validation_2024,GED_Frank,GED,Frank,60,40000,1.0,6.516970121493538,log_price_density,
validation_2024,GED_Frank,GED,Frank,360,40000,1.0,5.855519590347096,log_price_density,
validation_2024,GED_Frank,GED,Frank,1440,40000,1.0,5.8422532901352,log_price_density,
test_2025,GED_Frank,GED,Frank,5,40000,1.0,8.547271141271855,log_price_density,
test_2025,GED_Frank,GED,Frank,60,40000,1.0,6.816275992934602,log_price_density,
test_2025,GED_Frank,GED,Frank,360,40000,1.0,6.253798748007989,log_price_density,
test_2025,GED_Frank,GED,Frank,1440,40000,1.0,6.253554564537043,log_price_density,
training_2021_2023,GED_FrankMixed,GED,FrankMixed,5,40000,1.0,8.02069995813985,log_price_density,
training_2021_2023,GED_FrankMixed,GED,FrankMixed,60,40000,1.0,7.874171445123269,log_price_density,
training_2021_2023,GED_FrankMixed,GED,FrankMixed,360,40000,1.0,7.009022308722234,log_price_density,
training_2021_2023,GED_FrankMixed,GED,FrankMixed,1440,40000,1.0,6.0783702053222655,log_price_density,
validation_2024,GED_FrankMixed,GED,FrankMixed,5,40000,1.0,5.6546689192446316,log_price_density,
validation_2024,GED_FrankMixed,GED,FrankMixed,60,40000,1.0,5.635131315573007,log_price_density,
validation_2024,GED_FrankMixed,GED,FrankMixed,360,40000,1.0,5.926632683442716,log_price_density,
validation_2024,GED_FrankMixed,GED,FrankMixed,1440,40000,1.0,5.842265228879073,log_price_density,
test_2025,GED_FrankMixed,GED,FrankMixed,5,40000,1.0,6.262122956791728,log_price_density,
test_2025,GED_FrankMixed,GED,FrankMixed,60,40000,1.0,6.172024445602984,log_price_density,
test_2025,GED_FrankMixed,GED,FrankMixed,360,40000,1.0,6.386245634536991,log_price_density,
test_2025,GED_FrankMixed,GED,FrankMixed,1440,40000,1.0,6.2535762888123525,log_price_density,
training_2021_2023,GED_Clayton,GED,Clayton,5,40000,1.0,7.827192365228842,log_price_density,
training_2021_2023,GED_Clayton,GED,Clayton,60,40000,1.0,6.57041810723319,log_price_density,
training_2021_2023,GED_Clayton,GED,Clayton,360,40000,1.0,6.07733188891048,log_price_density,
training_2021_2023,GED_Clayton,GED,Clayton,1440,40000,1.0,6.078209254769832,log_price_density,
validation_2024,GED_Clayton,GED,Clayton,5,40000,1.0,8.495524424312423,log_price_density,
validation_2024,GED_Clayton,GED,Clayton,60,40000,1.0,6.488143546732144,log_price_density,
validation_2024,GED_Clayton,GED,Clayton,360,40000,1.0,5.8469398764300164,log_price_density,
validation_2024,GED_Clayton,GED,Clayton,1440,40000,1.0,5.8422522900607365,log_price_density,
test_2025,GED_Clayton,GED,Clayton,5,40000,1.0,8.814057191025901,log_price_density,
test_2025,GED_Clayton,GED,Clayton,60,40000,1.0,6.7474654568443935,log_price_density,
test_2025,GED_Clayton,GED,Clayton,360,40000,1.0,6.247094131011512,log_price_density,
test_2025,GED_Clayton,GED,Clayton,1440,40000,1.0,6.253553813702011,log_price_density,
training_2021_2023,GED_ClaytonMixed,GED,ClaytonMixed,5,40000,1.0,8.176827426558884,log_price_density,
training_2021_2023,GED_ClaytonMixed,GED,ClaytonMixed,60,40000,1.0,8.00592957637021,log_price_density,
training_2021_2023,GED_ClaytonMixed,GED,ClaytonMixed,360,40000,1.0,7.056478074937233,log_price_density,
training_2021_2023,GED_ClaytonMixed,GED,ClaytonMixed,1440,40000,1.0,6.078427983167263,log_price_density,
validation_2024,GED_ClaytonMixed,GED,ClaytonMixed,5,40000,1.0,5.574547567759697,log_price_density,
validation_2024,GED_ClaytonMixed,GED,ClaytonMixed,60,40000,1.0,5.655730376769636,log_price_density,
validation_2024,GED_ClaytonMixed,GED,ClaytonMixed,360,40000,1.0,5.937199086433586,log_price_density,
validation_2024,GED_ClaytonMixed,GED,ClaytonMixed,1440,40000,1.0,5.842270187123437,log_price_density,
test_2025,GED_ClaytonMixed,GED,ClaytonMixed,5,40000,1.0,6.29767759377819,log_price_density,
test_2025,GED_ClaytonMixed,GED,ClaytonMixed,60,40000,1.0,6.219252479420196,log_price_density,
test_2025,GED_ClaytonMixed,GED,ClaytonMixed,360,40000,1.0,6.401868201448526,log_price_density,
test_2025,GED_ClaytonMixed,GED,ClaytonMixed,1440,40000,1.0,6.253581470035651,log_price_density,
training_2021_2023,GED_SurvivalClayton,GED,SurvivalClayton,5,40000,1.0,7.735281211548323,log_price_density,
training_2021_2023,GED_SurvivalClayton,GED,SurvivalClayton,60,40000,1.0,6.517979800730769,log_price_density,
training_2021_2023,GED_SurvivalClayton,GED,SurvivalClayton,360,40000,1.0,6.077117196491903,log_price_density,
training_2021_2023,GED_SurvivalClayton,GED,SurvivalClayton,1440,40000,1.0,6.07820925463203,log_price_density,
validation_2024,GED_SurvivalClayton,GED,SurvivalClayton,5,40000,1.0,7.87217688599285,log_price_density,
validation_2024,GED_SurvivalClayton,GED,SurvivalClayton,60,40000,1.0,6.270350217881659,log_price_density,
validation_2024,GED_SurvivalClayton,GED,SurvivalClayton,360,40000,1.0,5.845716779506438,log_price_density,
validation_2024,GED_SurvivalClayton,GED,SurvivalClayton,1440,40000,1.0,5.842252280332413,log_price_density,
test_2025,GED_SurvivalClayton,GED,SurvivalClayton,5,40000,1.0,8.165350509152013,log_price_density,
test_2025,GED_SurvivalClayton,GED,SurvivalClayton,60,40000,1.0,6.561967098763038,log_price_density,
test_2025,GED_SurvivalClayton,GED,SurvivalClayton,360,40000,1.0,6.24638076882676,log_price_density,
test_2025,GED_SurvivalClayton,GED,SurvivalClayton,1440,40000,1.0,6.253553808685247,log_price_density,
training_2021_2023,GED_SurvivalClaytonMixed,GED,SurvivalClaytonMixed,5,40000,1.0,8.097870699250267,log_price_density,
training_2021_2023,GED_SurvivalClaytonMixed,GED,SurvivalClaytonMixed,60,40000,1.0,7.906430266663304,log_price_density,
training_2021_2023,GED_SurvivalClaytonMixed,GED,SurvivalClaytonMixed,360,40000,1.0,6.990404411557128,log_price_density,
training_2021_2023,GED_SurvivalClaytonMixed,GED,SurvivalClaytonMixed,1440,40000,1.0,6.078400098818727,log_price_density,
validation_2024,GED_SurvivalClaytonMixed,GED,SurvivalClaytonMixed,5,40000,1.0,5.88866709712307,log_price_density,
validation_2024,GED_SurvivalClaytonMixed,GED,SurvivalClaytonMixed,60,40000,1.0,5.717031058940589,log_price_density,
validation_2024,GED_SurvivalClaytonMixed,GED,SurvivalClaytonMixed,360,40000,1.0,5.930930729322107,log_price_density,
validation_2024,GED_SurvivalClaytonMixed,GED,SurvivalClaytonMixed,1440,40000,1.0,5.842264621037076,log_price_density,
test_2025,GED_SurvivalClaytonMixed,GED,SurvivalClaytonMixed,5,40000,1.0,6.441662120914215,log_price_density,
test_2025,GED_SurvivalClaytonMixed,GED,SurvivalClaytonMixed,60,40000,1.0,6.234619045490514,log_price_density,
test_2025,GED_SurvivalClaytonMixed,GED,SurvivalClaytonMixed,360,40000,1.0,6.382534592166092,log_price_density,
test_2025,GED_SurvivalClaytonMixed,GED,SurvivalClaytonMixed,1440,40000,1.0,6.253571788265643,log_price_density,
training_2021_2023,GED_Gumbel,GED,Gumbel,5,40000,1.0,7.953248567200168,log_price_density,
training_2021_2023,GED_Gumbel,GED,Gumbel,60,40000,1.0,6.795995089622469,log_price_density,
training_2021_2023,GED_Gumbel,GED,Gumbel,360,40000,1.0,6.104696090065528,log_price_density,
training_2021_2023,GED_Gumbel,GED,Gumbel,1440,40000,1.0,6.078209833385913,log_price_density,
validation_2024,GED_Gumbel,GED,Gumbel,5,40000,1.0,8.367819668634182,log_price_density,
validation_2024,GED_Gumbel,GED,Gumbel,60,40000,1.0,6.586024513729583,log_price_density,
validation_2024,GED_Gumbel,GED,Gumbel,360,40000,1.0,5.86191319676589,log_price_density,
validation_2024,GED_Gumbel,GED,Gumbel,1440,40000,1.0,5.842252287418231,log_price_density,
test_2025,GED_Gumbel,GED,Gumbel,5,40000,1.0,8.607719013987456,log_price_density,
test_2025,GED_Gumbel,GED,Gumbel,60,40000,1.0,6.833010790611658,log_price_density,
test_2025,GED_Gumbel,GED,Gumbel,360,40000,1.0,6.256759074560301,log_price_density,
test_2025,GED_Gumbel,GED,Gumbel,1440,40000,1.0,6.253553813078658,log_price_density,
training_2021_2023,GED_GumbelMixed,GED,GumbelMixed,5,40000,1.0,7.96858990454237,log_price_density,
training_2021_2023,GED_GumbelMixed,GED,GumbelMixed,60,40000,1.0,7.848868260431713,log_price_density,
training_2021_2023,GED_GumbelMixed,GED,GumbelMixed,360,40000,1.0,6.96231722198263,log_price_density,
training_2021_2023,GED_GumbelMixed,GED,GumbelMixed,1440,40000,1.0,6.078285000856681,log_price_density,
validation_2024,GED_GumbelMixed,GED,GumbelMixed,5,40000,1.0,5.405047220956216,log_price_density,
validation_2024,GED_GumbelMixed,GED,GumbelMixed,60,40000,1.0,5.59258554257941,log_price_density,
validation_2024,GED_GumbelMixed,GED,GumbelMixed,360,40000,1.0,5.917263455753653,log_price_density,
validation_2024,GED_GumbelMixed,GED,GumbelMixed,1440,40000,1.0,5.842257407138541,log_price_density,
test_2025,GED_GumbelMixed,GED,GumbelMixed,5,40000,1.0,6.133802979389368,log_price_density,
test_2025,GED_GumbelMixed,GED,GumbelMixed,60,40000,1.0,6.151077543173075,log_price_density,
test_2025,GED_GumbelMixed,GED,GumbelMixed,360,40000,1.0,6.373515379211475,log_price_density,
test_2025,GED_GumbelMixed,GED,GumbelMixed,1440,40000,1.0,6.2535618174427,log_price_density,
training_2021_2023,GED_SurvivalGumbel,GED,SurvivalGumbel,5,40000,1.0,7.987704282823804,log_price_density,
training_2021_2023,GED_SurvivalGumbel,GED,SurvivalGumbel,60,40000,1.0,6.844822004621397,log_price_density,
training_2021_2023,GED_SurvivalGumbel,GED,SurvivalGumbel,360,40000,1.0,6.100810687830501,log_price_density,
training_2021_2023,GED_SurvivalGumbel,GED,SurvivalGumbel,1440,40000,1.0,6.07820927032406,log_price_density,
validation_2024,GED_SurvivalGumbel,GED,SurvivalGumbel,5,40000,1.0,8.616728753004999,log_price_density,
validation_2024,GED_SurvivalGumbel,GED,SurvivalGumbel,60,40000,1.0,6.756783051348856,log_price_density,
validation_2024,GED_SurvivalGumbel,GED,SurvivalGumbel,360,40000,1.0,5.874367707308977,log_price_density,
validation_2024,GED_SurvivalGumbel,GED,SurvivalGumbel,1440,40000,1.0,5.8422523054670465,log_price_density,
test_2025,GED_SurvivalGumbel,GED,SurvivalGumbel,5,40000,1.0,8.853355338642084,log_price_density,
test_2025,GED_SurvivalGumbel,GED,SurvivalGumbel,60,40000,1.0,7.000486938134916,log_price_density,
test_2025,GED_SurvivalGumbel,GED,SurvivalGumbel,360,40000,1.0,6.264756437318461,log_price_density,
test_2025,GED_SurvivalGumbel,GED,SurvivalGumbel,1440,40000,1.0,6.253553823413424,log_price_density,
training_2021_2023,GED_SurvivalGumbelMixed,GED,SurvivalGumbelMixed,5,40000,1.0,8.009532284693508,log_price_density,
training_2021_2023,GED_SurvivalGumbelMixed,GED,SurvivalGumbelMixed,60,40000,1.0,7.886188180372931,log_price_density,
training_2021_2023,GED_SurvivalGumbelMixed,GED,SurvivalGumbelMixed,360,40000,1.0,6.978881654786417,log_price_density,
training_2021_2023,GED_SurvivalGumbelMixed,GED,SurvivalGumbelMixed,1440,40000,1.0,6.078373391770526,log_price_density,
validation_2024,GED_SurvivalGumbelMixed,GED,SurvivalGumbelMixed,5,40000,1.0,5.3891479686623756,log_price_density,
validation_2024,GED_SurvivalGumbelMixed,GED,SurvivalGumbelMixed,60,40000,1.0,5.613254887749547,log_price_density,
validation_2024,GED_SurvivalGumbelMixed,GED,SurvivalGumbelMixed,360,40000,1.0,5.92492055680192,log_price_density,
validation_2024,GED_SurvivalGumbelMixed,GED,SurvivalGumbelMixed,1440,40000,1.0,5.842265218358059,log_price_density,
test_2025,GED_SurvivalGumbelMixed,GED,SurvivalGumbelMixed,5,40000,1.0,6.175539853336308,log_price_density,
test_2025,GED_SurvivalGumbelMixed,GED,SurvivalGumbelMixed,60,40000,1.0,6.18278830540601,log_price_density,
test_2025,GED_SurvivalGumbelMixed,GED,SurvivalGumbelMixed,360,40000,1.0,6.3845200073006865,log_price_density,
test_2025,GED_SurvivalGumbelMixed,GED,SurvivalGumbelMixed,1440,40000,1.0,6.2535739739210685,log_price_density,
training_2021_2023,MonotoneSpline_Gaussian,MonotoneSpline,Gaussian,5,40000,1.0,8.152648802978652,log_price_density,
training_2021_2023,MonotoneSpline_Gaussian,MonotoneSpline,Gaussian,60,40000,1.0,7.85317660504557,log_price_density,
training_2021_2023,MonotoneSpline_Gaussian,MonotoneSpline,Gaussian,360,40000,1.0,7.177829762231083,log_price_density,
training_2021_2023,MonotoneSpline_Gaussian,MonotoneSpline,Gaussian,1440,40000,1.0,6.7319698863152535,log_price_density,
validation_2024,MonotoneSpline_Gaussian,MonotoneSpline,Gaussian,5,40000,1.0,7.603744648687836,log_price_density,
validation_2024,MonotoneSpline_Gaussian,MonotoneSpline,Gaussian,60,40000,1.0,6.627003672894872,log_price_density,
validation_2024,MonotoneSpline_Gaussian,MonotoneSpline,Gaussian,360,40000,1.0,5.883130221128265,log_price_density,
validation_2024,MonotoneSpline_Gaussian,MonotoneSpline,Gaussian,1440,40000,1.0,5.401513755453228,log_price_density,
test_2025,MonotoneSpline_Gaussian,MonotoneSpline,Gaussian,5,40000,1.0,7.7717044467585366,log_price_density,
test_2025,MonotoneSpline_Gaussian,MonotoneSpline,Gaussian,60,40000,1.0,6.871881101955002,log_price_density,
test_2025,MonotoneSpline_Gaussian,MonotoneSpline,Gaussian,360,40000,1.0,6.138310298804193,log_price_density,
test_2025,MonotoneSpline_Gaussian,MonotoneSpline,Gaussian,1440,40000,1.0,5.740327567047509,log_price_density,
training_2021_2023,MonotoneSpline_GaussianMixed,MonotoneSpline,GaussianMixed,5,40000,1.0,8.151864529090954,log_price_density,
training_2021_2023,MonotoneSpline_GaussianMixed,MonotoneSpline,GaussianMixed,60,40000,1.0,7.915766259253658,log_price_density,
training_2021_2023,MonotoneSpline_GaussianMixed,MonotoneSpline,GaussianMixed,360,40000,1.0,7.236649987785548,log_price_density,
training_2021_2023,MonotoneSpline_GaussianMixed,MonotoneSpline,GaussianMixed,1440,40000,1.0,6.771649232364037,log_price_density,
validation_2024,MonotoneSpline_GaussianMixed,MonotoneSpline,GaussianMixed,5,40000,1.0,7.6689200318943795,log_price_density,
validation_2024,MonotoneSpline_GaussianMixed,MonotoneSpline,GaussianMixed,60,40000,1.0,6.68365211810657,log_price_density,
validation_2024,MonotoneSpline_GaussianMixed,MonotoneSpline,GaussianMixed,360,40000,1.0,5.939095896592292,log_price_density,
validation_2024,MonotoneSpline_GaussianMixed,MonotoneSpline,GaussianMixed,1440,40000,1.0,5.444125120712351,log_price_density,
test_2025,MonotoneSpline_GaussianMixed,MonotoneSpline,GaussianMixed,5,40000,1.0,7.792584925536882,log_price_density,
test_2025,MonotoneSpline_GaussianMixed,MonotoneSpline,GaussianMixed,60,40000,1.0,6.940476053420379,log_price_density,
test_2025,MonotoneSpline_GaussianMixed,MonotoneSpline,GaussianMixed,360,40000,1.0,6.1990716554604735,log_price_density,
test_2025,MonotoneSpline_GaussianMixed,MonotoneSpline,GaussianMixed,1440,40000,1.0,5.77191602806942,log_price_density,
training_2021_2023,MonotoneSpline_StudentT,MonotoneSpline,StudentT,5,40000,1.0,8.418396770623637,log_price_density,
training_2021_2023,MonotoneSpline_StudentT,MonotoneSpline,StudentT,60,40000,1.0,8.068736214297063,log_price_density,
training_2021_2023,MonotoneSpline_StudentT,MonotoneSpline,StudentT,360,40000,1.0,7.57221565830781,log_price_density,
training_2021_2023,MonotoneSpline_StudentT,MonotoneSpline,StudentT,1440,40000,1.0,7.133508939971433,log_price_density,
validation_2024,MonotoneSpline_StudentT,MonotoneSpline,StudentT,5,40000,1.0,8.050495311380361,log_price_density,
validation_2024,MonotoneSpline_StudentT,MonotoneSpline,StudentT,60,40000,1.0,6.898022667716199,log_price_density,
validation_2024,MonotoneSpline_StudentT,MonotoneSpline,StudentT,360,40000,1.0,6.228843534204596,log_price_density,
validation_2024,MonotoneSpline_StudentT,MonotoneSpline,StudentT,1440,40000,1.0,5.7595977241819565,log_price_density,
test_2025,MonotoneSpline_StudentT,MonotoneSpline,StudentT,5,40000,1.0,8.216019036388303,log_price_density,
test_2025,MonotoneSpline_StudentT,MonotoneSpline,StudentT,60,40000,1.0,7.2381356106285235,log_price_density,
test_2025,MonotoneSpline_StudentT,MonotoneSpline,StudentT,360,40000,1.0,6.5887842161589125,log_price_density,
test_2025,MonotoneSpline_StudentT,MonotoneSpline,StudentT,1440,40000,1.0,6.108074600165245,log_price_density,
training_2021_2023,MonotoneSpline_StudentTMixed,MonotoneSpline,StudentTMixed,5,40000,1.0,8.418389065075605,log_price_density,
training_2021_2023,MonotoneSpline_StudentTMixed,MonotoneSpline,StudentTMixed,60,40000,1.0,8.0687336202721,log_price_density,
training_2021_2023,MonotoneSpline_StudentTMixed,MonotoneSpline,StudentTMixed,360,40000,1.0,7.572219525649229,log_price_density,
training_2021_2023,MonotoneSpline_StudentTMixed,MonotoneSpline,StudentTMixed,1440,40000,1.0,7.133514362201444,log_price_density,
validation_2024,MonotoneSpline_StudentTMixed,MonotoneSpline,StudentTMixed,5,40000,1.0,8.050498316551053,log_price_density,
validation_2024,MonotoneSpline_StudentTMixed,MonotoneSpline,StudentTMixed,60,40000,1.0,6.898021905781938,log_price_density,
validation_2024,MonotoneSpline_StudentTMixed,MonotoneSpline,StudentTMixed,360,40000,1.0,6.228845829882733,log_price_density,
validation_2024,MonotoneSpline_StudentTMixed,MonotoneSpline,StudentTMixed,1440,40000,1.0,5.759601996827454,log_price_density,
test_2025,MonotoneSpline_StudentTMixed,MonotoneSpline,StudentTMixed,5,40000,1.0,8.216023837656461,log_price_density,
test_2025,MonotoneSpline_StudentTMixed,MonotoneSpline,StudentTMixed,60,40000,1.0,7.2381389546238175,log_price_density,
test_2025,MonotoneSpline_StudentTMixed,MonotoneSpline,StudentTMixed,360,40000,1.0,6.588790771888947,log_price_density,
test_2025,MonotoneSpline_StudentTMixed,MonotoneSpline,StudentTMixed,1440,40000,1.0,6.108080740201964,log_price_density,
training_2021_2023,MonotoneSpline_Frank,MonotoneSpline,Frank,5,40000,1.0,8.138222494271695,log_price_density,
training_2021_2023,MonotoneSpline_Frank,MonotoneSpline,Frank,60,40000,1.0,7.163146947254849,log_price_density,
training_2021_2023,MonotoneSpline_Frank,MonotoneSpline,Frank,360,40000,1.0,6.579051205116747,log_price_density,
training_2021_2023,MonotoneSpline_Frank,MonotoneSpline,Frank,1440,40000,1.0,6.569941301824519,log_price_density,
validation_2024,MonotoneSpline_Frank,MonotoneSpline,Frank,5,40000,1.0,7.487872641565776,log_price_density,
validation_2024,MonotoneSpline_Frank,MonotoneSpline,Frank,60,40000,1.0,5.887621003238445,log_price_density,
validation_2024,MonotoneSpline_Frank,MonotoneSpline,Frank,360,40000,1.0,5.2335742524573305,log_price_density,
validation_2024,MonotoneSpline_Frank,MonotoneSpline,Frank,1440,40000,1.0,5.218247143689485,log_price_density,
test_2025,MonotoneSpline_Frank,MonotoneSpline,Frank,5,40000,1.0,7.750235202637315,log_price_density,
test_2025,MonotoneSpline_Frank,MonotoneSpline,Frank,60,40000,1.0,6.15556294927786,log_price_density,
test_2025,MonotoneSpline_Frank,MonotoneSpline,Frank,360,40000,1.0,5.618674946035911,log_price_density,
test_2025,MonotoneSpline_Frank,MonotoneSpline,Frank,1440,40000,1.0,5.6219040147456045,log_price_density,
training_2021_2023,MonotoneSpline_FrankMixed,MonotoneSpline,FrankMixed,5,40000,1.0,8.677024975672806,log_price_density,
training_2021_2023,MonotoneSpline_FrankMixed,MonotoneSpline,FrankMixed,60,40000,1.0,8.414509950176237,log_price_density,
training_2021_2023,MonotoneSpline_FrankMixed,MonotoneSpline,FrankMixed,360,40000,1.0,7.505264478661947,log_price_density,
training_2021_2023,MonotoneSpline_FrankMixed,MonotoneSpline,FrankMixed,1440,40000,1.0,6.570100564236389,log_price_density,
validation_2024,MonotoneSpline_FrankMixed,MonotoneSpline,FrankMixed,5,40000,1.0,5.754064005333686,log_price_density,
validation_2024,MonotoneSpline_FrankMixed,MonotoneSpline,FrankMixed,60,40000,1.0,5.2027176269952795,log_price_density,
validation_2024,MonotoneSpline_FrankMixed,MonotoneSpline,FrankMixed,360,40000,1.0,5.334539705637362,log_price_density,
validation_2024,MonotoneSpline_FrankMixed,MonotoneSpline,FrankMixed,1440,40000,1.0,5.218262117437339,log_price_density,
test_2025,MonotoneSpline_FrankMixed,MonotoneSpline,FrankMixed,5,40000,1.0,6.1100260638368855,log_price_density,
test_2025,MonotoneSpline_FrankMixed,MonotoneSpline,FrankMixed,60,40000,1.0,5.6688006102297575,log_price_density,
test_2025,MonotoneSpline_FrankMixed,MonotoneSpline,FrankMixed,360,40000,1.0,5.769450359636211,log_price_density,
test_2025,MonotoneSpline_FrankMixed,MonotoneSpline,FrankMixed,1440,40000,1.0,5.621927513014074,log_price_density,
training_2021_2023,MonotoneSpline_Clayton,MonotoneSpline,Clayton,5,40000,1.0,8.118922993125064,log_price_density,
training_2021_2023,MonotoneSpline_Clayton,MonotoneSpline,Clayton,60,40000,1.0,7.060150995467021,log_price_density,
training_2021_2023,MonotoneSpline_Clayton,MonotoneSpline,Clayton,360,40000,1.0,6.572209618517617,log_price_density,
training_2021_2023,MonotoneSpline_Clayton,MonotoneSpline,Clayton,1440,40000,1.0,6.569940506895544,log_price_density,
validation_2024,MonotoneSpline_Clayton,MonotoneSpline,Clayton,5,40000,1.0,7.693377410887927,log_price_density,
validation_2024,MonotoneSpline_Clayton,MonotoneSpline,Clayton,60,40000,1.0,5.846533273080737,log_price_density,
validation_2024,MonotoneSpline_Clayton,MonotoneSpline,Clayton,360,40000,1.0,5.225278976996943,log_price_density,
validation_2024,MonotoneSpline_Clayton,MonotoneSpline,Clayton,1440,40000,1.0,5.2182461650588525,log_price_density,
test_2025,MonotoneSpline_Clayton,MonotoneSpline,Clayton,5,40000,1.0,7.931108596411825,log_price_density,
test_2025,MonotoneSpline_Clayton,MonotoneSpline,Clayton,60,40000,1.0,6.0753649848881945,log_price_density,
test_2025,MonotoneSpline_Clayton,MonotoneSpline,Clayton,360,40000,1.0,5.612508864614032,log_price_density,
test_2025,MonotoneSpline_Clayton,MonotoneSpline,Clayton,1440,40000,1.0,5.621903329565749,log_price_density,
training_2021_2023,MonotoneSpline_ClaytonMixed,MonotoneSpline,ClaytonMixed,5,40000,1.0,8.768458614100394,log_price_density,
training_2021_2023,MonotoneSpline_ClaytonMixed,MonotoneSpline,ClaytonMixed,60,40000,1.0,8.524457840559117,log_price_density,
training_2021_2023,MonotoneSpline_ClaytonMixed,MonotoneSpline,ClaytonMixed,360,40000,1.0,7.545508440756005,log_price_density,
training_2021_2023,MonotoneSpline_ClaytonMixed,MonotoneSpline,ClaytonMixed,1440,40000,1.0,6.570178303219674,log_price_density,
validation_2024,MonotoneSpline_ClaytonMixed,MonotoneSpline,ClaytonMixed,5,40000,1.0,5.338421729744774,log_price_density,
validation_2024,MonotoneSpline_ClaytonMixed,MonotoneSpline,ClaytonMixed,60,40000,1.0,5.1158296033942126,log_price_density,
validation_2024,MonotoneSpline_ClaytonMixed,MonotoneSpline,ClaytonMixed,360,40000,1.0,5.325175796152136,log_price_density,
validation_2024,MonotoneSpline_ClaytonMixed,MonotoneSpline,ClaytonMixed,1440,40000,1.0,5.218264890459137,log_price_density,
test_2025,MonotoneSpline_ClaytonMixed,MonotoneSpline,ClaytonMixed,5,40000,1.0,5.819617635048347,log_price_density,
test_2025,MonotoneSpline_ClaytonMixed,MonotoneSpline,ClaytonMixed,60,40000,1.0,5.612612529490836,log_price_density,
test_2025,MonotoneSpline_ClaytonMixed,MonotoneSpline,ClaytonMixed,360,40000,1.0,5.76743413530549,log_price_density,
test_2025,MonotoneSpline_ClaytonMixed,MonotoneSpline,ClaytonMixed,1440,40000,1.0,5.621929500563065,log_price_density,
training_2021_2023,MonotoneSpline_SurvivalClayton,MonotoneSpline,SurvivalClayton,5,40000,1.0,8.161095778178016,log_price_density,
training_2021_2023,MonotoneSpline_SurvivalClayton,MonotoneSpline,SurvivalClayton,60,40000,1.0,7.025817005745789,log_price_density,
training_2021_2023,MonotoneSpline_SurvivalClayton,MonotoneSpline,SurvivalClayton,360,40000,1.0,6.571875045890655,log_price_density,
training_2021_2023,MonotoneSpline_SurvivalClayton,MonotoneSpline,SurvivalClayton,1440,40000,1.0,6.5699405048154835,log_price_density,
validation_2024,MonotoneSpline_SurvivalClayton,MonotoneSpline,SurvivalClayton,5,40000,1.0,7.187943051059995,log_price_density,
validation_2024,MonotoneSpline_SurvivalClayton,MonotoneSpline,SurvivalClayton,60,40000,1.0,5.6673678769387275,log_price_density,
validation_2024,MonotoneSpline_SurvivalClayton,MonotoneSpline,SurvivalClayton,360,40000,1.0,5.224091641153943,log_price_density,
validation_2024,MonotoneSpline_SurvivalClayton,MonotoneSpline,SurvivalClayton,1440,40000,1.0,5.218246155615081,log_price_density,
test_2025,MonotoneSpline_SurvivalClayton,MonotoneSpline,SurvivalClayton,5,40000,1.0,7.450313686858912,log_price_density,
test_2025,MonotoneSpline_SurvivalClayton,MonotoneSpline,SurvivalClayton,60,40000,1.0,5.917285456456375,log_price_density,
test_2025,MonotoneSpline_SurvivalClayton,MonotoneSpline,SurvivalClayton,360,40000,1.0,5.611807528789331,log_price_density,
test_2025,MonotoneSpline_SurvivalClayton,MonotoneSpline,SurvivalClayton,1440,40000,1.0,5.621903324397294,log_price_density,
training_2021_2023,MonotoneSpline_SurvivalClaytonMixed,MonotoneSpline,SurvivalClaytonMixed,5,40000,1.0,8.720789389342848,log_price_density,
training_2021_2023,MonotoneSpline_SurvivalClaytonMixed,MonotoneSpline,SurvivalClaytonMixed,60,40000,1.0,8.452165632245785,log_price_density,
training_2021_2023,MonotoneSpline_SurvivalClaytonMixed,MonotoneSpline,SurvivalClaytonMixed,360,40000,1.0,7.500910664278221,log_price_density,
training_2021_2023,MonotoneSpline_SurvivalClaytonMixed,MonotoneSpline,SurvivalClaytonMixed,1440,40000,1.0,6.570143684458435,log_price_density,
validation_2024,MonotoneSpline_SurvivalClaytonMixed,MonotoneSpline,SurvivalClaytonMixed,5,40000,1.0,5.7610435911868185,log_price_density,
validation_2024,MonotoneSpline_SurvivalClaytonMixed,MonotoneSpline,SurvivalClaytonMixed,60,40000,1.0,5.266230575886752,log_price_density,
validation_2024,MonotoneSpline_SurvivalClaytonMixed,MonotoneSpline,SurvivalClaytonMixed,360,40000,1.0,5.340175857571657,log_price_density,
validation_2024,MonotoneSpline_SurvivalClaytonMixed,MonotoneSpline,SurvivalClaytonMixed,1440,40000,1.0,5.218261445380977,log_price_density,
test_2025,MonotoneSpline_SurvivalClaytonMixed,MonotoneSpline,SurvivalClaytonMixed,5,40000,1.0,6.277030400889208,log_price_density,
test_2025,MonotoneSpline_SurvivalClaytonMixed,MonotoneSpline,SurvivalClaytonMixed,60,40000,1.0,5.755724633535982,log_price_density,
test_2025,MonotoneSpline_SurvivalClaytonMixed,MonotoneSpline,SurvivalClaytonMixed,360,40000,1.0,5.7760470974562885,log_price_density,
test_2025,MonotoneSpline_SurvivalClaytonMixed,MonotoneSpline,SurvivalClaytonMixed,1440,40000,1.0,5.621923894065389,log_price_density,
training_2021_2023,MonotoneSpline_Gumbel,MonotoneSpline,Gumbel,5,40000,1.0,8.334927198823026,log_price_density,
training_2021_2023,MonotoneSpline_Gumbel,MonotoneSpline,Gumbel,60,40000,1.0,7.305876524240042,log_price_density,
training_2021_2023,MonotoneSpline_Gumbel,MonotoneSpline,Gumbel,360,40000,1.0,6.596275649624318,log_price_density,
training_2021_2023,MonotoneSpline_Gumbel,MonotoneSpline,Gumbel,1440,40000,1.0,6.5699405281020615,log_price_density,
validation_2024,MonotoneSpline_Gumbel,MonotoneSpline,Gumbel,5,40000,1.0,7.645027647567456,log_price_density,
validation_2024,MonotoneSpline_Gumbel,MonotoneSpline,Gumbel,60,40000,1.0,5.98040537367039,log_price_density,
validation_2024,MonotoneSpline_Gumbel,MonotoneSpline,Gumbel,360,40000,1.0,5.241712253941427,log_price_density,
validation_2024,MonotoneSpline_Gumbel,MonotoneSpline,Gumbel,1440,40000,1.0,5.218246163300921,log_price_density,
test_2025,MonotoneSpline_Gumbel,MonotoneSpline,Gumbel,5,40000,1.0,7.816604500694434,log_price_density,
test_2025,MonotoneSpline_Gumbel,MonotoneSpline,Gumbel,60,40000,1.0,6.183839999483403,log_price_density,
test_2025,MonotoneSpline_Gumbel,MonotoneSpline,Gumbel,360,40000,1.0,5.62175351124829,log_price_density,
test_2025,MonotoneSpline_Gumbel,MonotoneSpline,Gumbel,1440,40000,1.0,5.621903328900775,log_price_density,
training_2021_2023,MonotoneSpline_GumbelMixed,MonotoneSpline,GumbelMixed,5,40000,1.0,8.603695394906463,log_price_density,
training_2021_2023,MonotoneSpline_GumbelMixed,MonotoneSpline,GumbelMixed,60,40000,1.0,8.377111414902295,log_price_density,
training_2021_2023,MonotoneSpline_GumbelMixed,MonotoneSpline,GumbelMixed,360,40000,1.0,7.464276766926006,log_price_density,
training_2021_2023,MonotoneSpline_GumbelMixed,MonotoneSpline,GumbelMixed,1440,40000,1.0,6.57002012827048,log_price_density,
validation_2024,MonotoneSpline_GumbelMixed,MonotoneSpline,GumbelMixed,5,40000,1.0,5.452867264857686,log_price_density,
validation_2024,MonotoneSpline_GumbelMixed,MonotoneSpline,GumbelMixed,60,40000,1.0,5.114730643448849,log_price_density,
validation_2024,MonotoneSpline_GumbelMixed,MonotoneSpline,GumbelMixed,360,40000,1.0,5.310394352626735,log_price_density,
validation_2024,MonotoneSpline_GumbelMixed,MonotoneSpline,GumbelMixed,1440,40000,1.0,5.218253196370158,log_price_density,
test_2025,MonotoneSpline_GumbelMixed,MonotoneSpline,GumbelMixed,5,40000,1.0,6.018171531852381,log_price_density,
test_2025,MonotoneSpline_GumbelMixed,MonotoneSpline,GumbelMixed,60,40000,1.0,5.642671971324886,log_price_density,
test_2025,MonotoneSpline_GumbelMixed,MonotoneSpline,GumbelMixed,360,40000,1.0,5.752733997543973,log_price_density,
test_2025,MonotoneSpline_GumbelMixed,MonotoneSpline,GumbelMixed,1440,40000,1.0,5.62191255050047,log_price_density,
training_2021_2023,MonotoneSpline_SurvivalGumbel,MonotoneSpline,SurvivalGumbel,5,40000,1.0,8.298889233135542,log_price_density,
training_2021_2023,MonotoneSpline_SurvivalGumbel,MonotoneSpline,SurvivalGumbel,60,40000,1.0,7.334363286237422,log_price_density,
training_2021_2023,MonotoneSpline_SurvivalGumbel,MonotoneSpline,SurvivalGumbel,360,40000,1.0,6.598977609038161,log_price_density,
training_2021_2023,MonotoneSpline_SurvivalGumbel,MonotoneSpline,SurvivalGumbel,1440,40000,1.0,6.569940529670304,log_price_density,
validation_2024,MonotoneSpline_SurvivalGumbel,MonotoneSpline,SurvivalGumbel,5,40000,1.0,7.840720069328128,log_price_density,
validation_2024,MonotoneSpline_SurvivalGumbel,MonotoneSpline,SurvivalGumbel,60,40000,1.0,6.117480911497499,log_price_density,
validation_2024,MonotoneSpline_SurvivalGumbel,MonotoneSpline,SurvivalGumbel,360,40000,1.0,5.2569087730865505,log_price_density,
validation_2024,MonotoneSpline_SurvivalGumbel,MonotoneSpline,SurvivalGumbel,1440,40000,1.0,5.218246187525989,log_price_density,
test_2025,MonotoneSpline_SurvivalGumbel,MonotoneSpline,SurvivalGumbel,5,40000,1.0,7.990573871826314,log_price_density,
test_2025,MonotoneSpline_SurvivalGumbel,MonotoneSpline,SurvivalGumbel,60,40000,1.0,6.318778870078158,log_price_density,
test_2025,MonotoneSpline_SurvivalGumbel,MonotoneSpline,SurvivalGumbel,360,40000,1.0,5.630218011503247,log_price_density,
test_2025,MonotoneSpline_SurvivalGumbel,MonotoneSpline,SurvivalGumbel,1440,40000,1.0,5.62190333896924,log_price_density,
training_2021_2023,MonotoneSpline_SurvivalGumbelMixed,MonotoneSpline,SurvivalGumbelMixed,5,40000,1.0,8.61698394137648,log_price_density,
training_2021_2023,MonotoneSpline_SurvivalGumbelMixed,MonotoneSpline,SurvivalGumbelMixed,60,40000,1.0,8.402295721206237,log_price_density,
training_2021_2023,MonotoneSpline_SurvivalGumbelMixed,MonotoneSpline,SurvivalGumbelMixed,360,40000,1.0,7.4742619572172275,log_price_density,
training_2021_2023,MonotoneSpline_SurvivalGumbelMixed,MonotoneSpline,SurvivalGumbelMixed,1440,40000,1.0,6.570118350078136,log_price_density,
validation_2024,MonotoneSpline_SurvivalGumbelMixed,MonotoneSpline,SurvivalGumbelMixed,5,40000,1.0,5.251522867772273,log_price_density,
validation_2024,MonotoneSpline_SurvivalGumbelMixed,MonotoneSpline,SurvivalGumbelMixed,60,40000,1.0,5.069942739777247,log_price_density,
validation_2024,MonotoneSpline_SurvivalGumbelMixed,MonotoneSpline,SurvivalGumbelMixed,360,40000,1.0,5.308932340230032,log_price_density,
validation_2024,MonotoneSpline_SurvivalGumbelMixed,MonotoneSpline,SurvivalGumbelMixed,1440,40000,1.0,5.218259705615751,log_price_density,
test_2025,MonotoneSpline_SurvivalGumbelMixed,MonotoneSpline,SurvivalGumbelMixed,5,40000,1.0,5.808250286533875,log_price_density,
test_2025,MonotoneSpline_SurvivalGumbelMixed,MonotoneSpline,SurvivalGumbelMixed,60,40000,1.0,5.591500569525704,log_price_density,
test_2025,MonotoneSpline_SurvivalGumbelMixed,MonotoneSpline,SurvivalGumbelMixed,360,40000,1.0,5.750842776864767,log_price_density,
test_2025,MonotoneSpline_SurvivalGumbelMixed,MonotoneSpline,SurvivalGumbelMixed,1440,40000,1.0,5.6219228284957055,log_price_density,
training_2021_2023,Normal_TwoScaleGaussian,Normal,TwoScaleGaussian,5,40000,1.0,7.7007358464797795,log_price_density,
training_2021_2023,Normal_TwoScaleGaussian,Normal,TwoScaleGaussian,60,40000,1.0,7.094758178769933,log_price_density,
training_2021_2023,Normal_TwoScaleGaussian,Normal,TwoScaleGaussian,360,40000,1.0,6.556425441026611,log_price_density,
training_2021_2023,Normal_TwoScaleGaussian,Normal,TwoScaleGaussian,1440,40000,1.0,6.084361650723314,log_price_density,
validation_2024,Normal_TwoScaleGaussian,Normal,TwoScaleGaussian,5,40000,1.0,7.939380237023493,log_price_density,
validation_2024,Normal_TwoScaleGaussian,Normal,TwoScaleGaussian,60,40000,1.0,7.3293895383935395,log_price_density,
validation_2024,Normal_TwoScaleGaussian,Normal,TwoScaleGaussian,360,40000,1.0,6.735344743663796,log_price_density,
validation_2024,Normal_TwoScaleGaussian,Normal,TwoScaleGaussian,1440,40000,1.0,6.281234189119277,log_price_density,
test_2025,Normal_TwoScaleGaussian,Normal,TwoScaleGaussian,5,40000,1.0,7.980584669005286,log_price_density,
test_2025,Normal_TwoScaleGaussian,Normal,TwoScaleGaussian,60,40000,1.0,7.456201717724686,log_price_density,
test_2025,Normal_TwoScaleGaussian,Normal,TwoScaleGaussian,360,40000,1.0,6.8847633061572475,log_price_density,
test_2025,Normal_TwoScaleGaussian,Normal,TwoScaleGaussian,1440,40000,1.0,6.394520587246913,log_price_density,
training_2021_2023,StudentT_TwoScaleGaussian,StudentT,TwoScaleGaussian,5,40000,1.0,8.014587192734044,log_price_density,
training_2021_2023,StudentT_TwoScaleGaussian,StudentT,TwoScaleGaussian,60,40000,1.0,7.49518434784301,log_price_density,
training_2021_2023,StudentT_TwoScaleGaussian,StudentT,TwoScaleGaussian,360,40000,1.0,7.002139560269694,log_price_density,
training_2021_2023,StudentT_TwoScaleGaussian,StudentT,TwoScaleGaussian,1440,40000,1.0,6.59543479072722,log_price_density,
validation_2024,StudentT_TwoScaleGaussian,StudentT,TwoScaleGaussian,5,40000,1.0,8.212356879622426,log_price_density,
validation_2024,StudentT_TwoScaleGaussian,StudentT,TwoScaleGaussian,60,40000,1.0,7.479404865541453,log_price_density,
validation_2024,StudentT_TwoScaleGaussian,StudentT,TwoScaleGaussian,360,40000,1.0,6.840720143359541,log_price_density,
validation_2024,StudentT_TwoScaleGaussian,StudentT,TwoScaleGaussian,1440,40000,1.0,6.4265315226604205,log_price_density,
test_2025,StudentT_TwoScaleGaussian,StudentT,TwoScaleGaussian,5,40000,1.0,8.441081847093546,log_price_density,
test_2025,StudentT_TwoScaleGaussian,StudentT,TwoScaleGaussian,60,40000,1.0,7.869322225637749,log_price_density,
test_2025,StudentT_TwoScaleGaussian,StudentT,TwoScaleGaussian,360,40000,1.0,7.271337377878384,log_price_density,
test_2025,StudentT_TwoScaleGaussian,StudentT,TwoScaleGaussian,1440,40000,1.0,6.79997291992727,log_price_density,
training_2021_2023,SkewStudentT_TwoScaleGaussian,SkewStudentT,TwoScaleGaussian,5,40000,1.0,8.013129517222767,log_price_density,
training_2021_2023,SkewStudentT_TwoScaleGaussian,SkewStudentT,TwoScaleGaussian,60,40000,1.0,7.493230850986566,log_price_density,
training_2021_2023,SkewStudentT_TwoScaleGaussian,SkewStudentT,TwoScaleGaussian,360,40000,1.0,7.000176181386753,log_price_density,
training_2021_2023,SkewStudentT_TwoScaleGaussian,SkewStudentT,TwoScaleGaussian,1440,40000,1.0,6.593929010061109,log_price_density,
validation_2024,SkewStudentT_TwoScaleGaussian,SkewStudentT,TwoScaleGaussian,5,40000,1.0,8.207480665376274,log_price_density,
validation_2024,SkewStudentT_TwoScaleGaussian,SkewStudentT,TwoScaleGaussian,60,40000,1.0,7.474990269109975,log_price_density,
validation_2024,SkewStudentT_TwoScaleGaussian,SkewStudentT,TwoScaleGaussian,360,40000,1.0,6.836821875928328,log_price_density,
validation_2024,SkewStudentT_TwoScaleGaussian,SkewStudentT,TwoScaleGaussian,1440,40000,1.0,6.424355311161025,log_price_density,
test_2025,SkewStudentT_TwoScaleGaussian,SkewStudentT,TwoScaleGaussian,5,40000,1.0,8.436453401264357,log_price_density,
test_2025,SkewStudentT_TwoScaleGaussian,SkewStudentT,TwoScaleGaussian,60,40000,1.0,7.865377782142142,log_price_density,
test_2025,SkewStudentT_TwoScaleGaussian,SkewStudentT,TwoScaleGaussian,360,40000,1.0,7.2681519126663146,log_price_density,
test_2025,SkewStudentT_TwoScaleGaussian,SkewStudentT,TwoScaleGaussian,1440,40000,1.0,6.7976441245532655,log_price_density,
training_2021_2023,GED_TwoScaleGaussian,GED,TwoScaleGaussian,5,40000,1.0,7.9710117163775065,log_price_density,
training_2021_2023,GED_TwoScaleGaussian,GED,TwoScaleGaussian,60,40000,1.0,7.4587238934859545,log_price_density,
training_2021_2023,GED_TwoScaleGaussian,GED,TwoScaleGaussian,360,40000,1.0,6.964489102984933,log_price_density,
training_2021_2023,GED_TwoScaleGaussian,GED,TwoScaleGaussian,1440,40000,1.0,6.5651463498386935,log_price_density,
validation_2024,GED_TwoScaleGaussian,GED,TwoScaleGaussian,5,40000,1.0,8.122141663821788,log_price_density,
validation_2024,GED_TwoScaleGaussian,GED,TwoScaleGaussian,60,40000,1.0,7.409711083985094,log_price_density,
validation_2024,GED_TwoScaleGaussian,GED,TwoScaleGaussian,360,40000,1.0,6.788829281123958,log_price_density,
validation_2024,GED_TwoScaleGaussian,GED,TwoScaleGaussian,1440,40000,1.0,6.367981711992227,log_price_density,
test_2025,GED_TwoScaleGaussian,GED,TwoScaleGaussian,5,40000,1.0,8.349189226891841,log_price_density,
test_2025,GED_TwoScaleGaussian,GED,TwoScaleGaussian,60,40000,1.0,7.781012537852669,log_price_density,
test_2025,GED_TwoScaleGaussian,GED,TwoScaleGaussian,360,40000,1.0,7.189373558036159,log_price_density,
test_2025,GED_TwoScaleGaussian,GED,TwoScaleGaussian,1440,40000,1.0,6.719295090245386,log_price_density,
training_2021_2023,MonotoneSpline_TwoScaleGaussian,MonotoneSpline,TwoScaleGaussian,5,40000,1.0,8.412353528952544,log_price_density,
training_2021_2023,MonotoneSpline_TwoScaleGaussian,MonotoneSpline,TwoScaleGaussian,60,40000,1.0,7.925971755001052,log_price_density,
training_2021_2023,MonotoneSpline_TwoScaleGaussian,MonotoneSpline,TwoScaleGaussian,360,40000,1.0,7.454140233993619,log_price_density,
training_2021_2023,MonotoneSpline_TwoScaleGaussian,MonotoneSpline,TwoScaleGaussian,1440,40000,1.0,7.060564256594775,log_price_density,
validation_2024,MonotoneSpline_TwoScaleGaussian,MonotoneSpline,TwoScaleGaussian,5,40000,1.0,7.452078336635875,log_price_density,
validation_2024,MonotoneSpline_TwoScaleGaussian,MonotoneSpline,TwoScaleGaussian,60,40000,1.0,6.745582579295375,log_price_density,
validation_2024,MonotoneSpline_TwoScaleGaussian,MonotoneSpline,TwoScaleGaussian,360,40000,1.0,6.140622030805692,log_price_density,
validation_2024,MonotoneSpline_TwoScaleGaussian,MonotoneSpline,TwoScaleGaussian,1440,40000,1.0,5.735470273631117,log_price_density,
test_2025,MonotoneSpline_TwoScaleGaussian,MonotoneSpline,TwoScaleGaussian,5,40000,1.0,7.6130176755615695,log_price_density,
test_2025,MonotoneSpline_TwoScaleGaussian,MonotoneSpline,TwoScaleGaussian,60,40000,1.0,7.068305991660703,log_price_density,
test_2025,MonotoneSpline_TwoScaleGaussian,MonotoneSpline,TwoScaleGaussian,360,40000,1.0,6.507356610759952,log_price_density,
test_2025,MonotoneSpline_TwoScaleGaussian,MonotoneSpline,TwoScaleGaussian,1440,40000,1.0,6.056064350464515,log_price_density,
training_2021_2023,Normal_TwoScaleMixed,Normal,TwoScaleMixed,5,40000,1.0,7.7596489720270325,log_price_density,
training_2021_2023,Normal_TwoScaleMixed,Normal,TwoScaleMixed,60,40000,1.0,7.257938772360847,log_price_density,
training_2021_2023,Normal_TwoScaleMixed,Normal,TwoScaleMixed,360,40000,1.0,6.759737792298782,log_price_density,
training_2021_2023,Normal_TwoScaleMixed,Normal,TwoScaleMixed,1440,40000,1.0,6.1724352941762355,log_price_density,
validation_2024,Normal_TwoScaleMixed,Normal,TwoScaleMixed,5,40000,1.0,7.990298586262892,log_price_density,
validation_2024,Normal_TwoScaleMixed,Normal,TwoScaleMixed,60,40000,1.0,7.438109455372352,log_price_density,
validation_2024,Normal_TwoScaleMixed,Normal,TwoScaleMixed,360,40000,1.0,6.8329291487127515,log_price_density,
validation_2024,Normal_TwoScaleMixed,Normal,TwoScaleMixed,1440,40000,1.0,6.293540423045519,log_price_density,
test_2025,Normal_TwoScaleMixed,Normal,TwoScaleMixed,5,40000,1.0,8.027724565272981,log_price_density,
test_2025,Normal_TwoScaleMixed,Normal,TwoScaleMixed,60,40000,1.0,7.615540478558922,log_price_density,
test_2025,Normal_TwoScaleMixed,Normal,TwoScaleMixed,360,40000,1.0,7.08916248275866,log_price_density,
test_2025,Normal_TwoScaleMixed,Normal,TwoScaleMixed,1440,40000,1.0,6.47618675180756,log_price_density,
training_2021_2023,StudentT_TwoScaleMixed,StudentT,TwoScaleMixed,5,40000,1.0,8.048462094796092,log_price_density,
training_2021_2023,StudentT_TwoScaleMixed,StudentT,TwoScaleMixed,60,40000,1.0,7.604862453780489,log_price_density,
training_2021_2023,StudentT_TwoScaleMixed,StudentT,TwoScaleMixed,360,40000,1.0,7.128743914111109,log_price_density,
training_2021_2023,StudentT_TwoScaleMixed,StudentT,TwoScaleMixed,1440,40000,1.0,6.635981108489624,log_price_density,
validation_2024,StudentT_TwoScaleMixed,StudentT,TwoScaleMixed,5,40000,1.0,8.260788548668284,log_price_density,
validation_2024,StudentT_TwoScaleMixed,StudentT,TwoScaleMixed,60,40000,1.0,7.5501284743953265,log_price_density,
validation_2024,StudentT_TwoScaleMixed,StudentT,TwoScaleMixed,360,40000,1.0,6.88290505407318,log_price_density,
validation_2024,StudentT_TwoScaleMixed,StudentT,TwoScaleMixed,1440,40000,1.0,6.405457056474075,log_price_density,
test_2025,StudentT_TwoScaleMixed,StudentT,TwoScaleMixed,5,40000,1.0,8.479590817821942,log_price_density,
test_2025,StudentT_TwoScaleMixed,StudentT,TwoScaleMixed,60,40000,1.0,7.961630387375805,log_price_density,
test_2025,StudentT_TwoScaleMixed,StudentT,TwoScaleMixed,360,40000,1.0,7.380234350284597,log_price_density,
test_2025,StudentT_TwoScaleMixed,StudentT,TwoScaleMixed,1440,40000,1.0,6.821888382879863,log_price_density,
training_2021_2023,SkewStudentT_TwoScaleMixed,SkewStudentT,TwoScaleMixed,5,40000,1.0,8.046937876878214,log_price_density,
training_2021_2023,SkewStudentT_TwoScaleMixed,SkewStudentT,TwoScaleMixed,60,40000,1.0,7.603403614277555,log_price_density,
training_2021_2023,SkewStudentT_TwoScaleMixed,SkewStudentT,TwoScaleMixed,360,40000,1.0,7.127274287838195,log_price_density,
training_2021_2023,SkewStudentT_TwoScaleMixed,SkewStudentT,TwoScaleMixed,1440,40000,1.0,6.634344426971524,log_price_density,
validation_2024,SkewStudentT_TwoScaleMixed,SkewStudentT,TwoScaleMixed,5,40000,1.0,8.255973081152117,log_price_density,
validation_2024,SkewStudentT_TwoScaleMixed,SkewStudentT,TwoScaleMixed,60,40000,1.0,7.54663979000955,log_price_density,
validation_2024,SkewStudentT_TwoScaleMixed,SkewStudentT,TwoScaleMixed,360,40000,1.0,6.88113138804128,log_price_density,
validation_2024,SkewStudentT_TwoScaleMixed,SkewStudentT,TwoScaleMixed,1440,40000,1.0,6.40452747983654,log_price_density,
test_2025,SkewStudentT_TwoScaleMixed,SkewStudentT,TwoScaleMixed,5,40000,1.0,8.474997804571423,log_price_density,
test_2025,SkewStudentT_TwoScaleMixed,SkewStudentT,TwoScaleMixed,60,40000,1.0,7.958127301980877,log_price_density,
test_2025,SkewStudentT_TwoScaleMixed,SkewStudentT,TwoScaleMixed,360,40000,1.0,7.378162702843245,log_price_density,
test_2025,SkewStudentT_TwoScaleMixed,SkewStudentT,TwoScaleMixed,1440,40000,1.0,6.820592363494293,log_price_density,
training_2021_2023,GED_TwoScaleMixed,GED,TwoScaleMixed,5,40000,1.0,8.00803860898305,log_price_density,
training_2021_2023,GED_TwoScaleMixed,GED,TwoScaleMixed,60,40000,1.0,7.572473445275932,log_price_density,
training_2021_2023,GED_TwoScaleMixed,GED,TwoScaleMixed,360,40000,1.0,7.094076298732043,log_price_density,
training_2021_2023,GED_TwoScaleMixed,GED,TwoScaleMixed,1440,40000,1.0,6.606931034367663,log_price_density,
validation_2024,GED_TwoScaleMixed,GED,TwoScaleMixed,5,40000,1.0,8.171352054070256,log_price_density,
validation_2024,GED_TwoScaleMixed,GED,TwoScaleMixed,60,40000,1.0,7.49806778816269,log_price_density,
validation_2024,GED_TwoScaleMixed,GED,TwoScaleMixed,360,40000,1.0,6.866013729366148,log_price_density,
validation_2024,GED_TwoScaleMixed,GED,TwoScaleMixed,1440,40000,1.0,6.36345379003024,log_price_density,
test_2025,GED_TwoScaleMixed,GED,TwoScaleMixed,5,40000,1.0,8.38828651834497,log_price_density,
test_2025,GED_TwoScaleMixed,GED,TwoScaleMixed,60,40000,1.0,7.879746785880087,log_price_density,
test_2025,GED_TwoScaleMixed,GED,TwoScaleMixed,360,40000,1.0,7.313141699046982,log_price_density,
test_2025,GED_TwoScaleMixed,GED,TwoScaleMixed,1440,40000,1.0,6.747398001753583,log_price_density,
training_2021_2023,MonotoneSpline_TwoScaleMixed,MonotoneSpline,TwoScaleMixed,5,40000,1.0,8.443114141424058,log_price_density,
training_2021_2023,MonotoneSpline_TwoScaleMixed,MonotoneSpline,TwoScaleMixed,60,40000,1.0,8.022189100966024,log_price_density,
training_2021_2023,MonotoneSpline_TwoScaleMixed,MonotoneSpline,TwoScaleMixed,360,40000,1.0,7.564977150296766,log_price_density,
training_2021_2023,MonotoneSpline_TwoScaleMixed,MonotoneSpline,TwoScaleMixed,1440,40000,1.0,7.094364676506751,log_price_density,
validation_2024,MonotoneSpline_TwoScaleMixed,MonotoneSpline,TwoScaleMixed,5,40000,1.0,7.49694225676333,log_price_density,
validation_2024,MonotoneSpline_TwoScaleMixed,MonotoneSpline,TwoScaleMixed,60,40000,1.0,6.813154777373793,log_price_density,
validation_2024,MonotoneSpline_TwoScaleMixed,MonotoneSpline,TwoScaleMixed,360,40000,1.0,6.194032977536616,log_price_density,
validation_2024,MonotoneSpline_TwoScaleMixed,MonotoneSpline,TwoScaleMixed,1440,40000,1.0,5.720987480047255,log_price_density,
test_2025,MonotoneSpline_TwoScaleMixed,MonotoneSpline,TwoScaleMixed,5,40000,1.0,7.644107107427013,log_price_density,
test_2025,MonotoneSpline_TwoScaleMixed,MonotoneSpline,TwoScaleMixed,60,40000,1.0,7.141672325325757,log_price_density,
test_2025,MonotoneSpline_TwoScaleMixed,MonotoneSpline,TwoScaleMixed,360,40000,1.0,6.602815168522252,log_price_density,
test_2025,MonotoneSpline_TwoScaleMixed,MonotoneSpline,TwoScaleMixed,1440,40000,1.0,6.0775709118179595,log_price_density,
