null_loglik,alternative_loglik,lr,theta_null,kappa_null,sigma_null,theta_alt,kappa_alt,sigma_alt,lambda_alt,alternative_converged,alternative_gradient_norm,replication
200952.0543842554,200952.05438425546,1.1641532182693481e-10,-0.00044907414228949273,1.0454921905681858,0.0013284711940242853,-0.000449074962059612,1.0454921905539014,0.0013284711940061342,0.0,True,0.7906534094623265,0
201124.07527366027,201124.07527366027,0.0,-0.00038936163671575907,0.836848121097754,0.0013188842745442061,-0.00038936253072842136,0.8368481210790502,0.001318884274544206,0.0,True,0.7036163651948943,1
200917.2267044525,200917.22670445257,1.1641532182693481e-10,-1.285428655444795e-06,1.4220657173070557,0.0013311919581298415,-1.2860370248191021e-06,1.4220657173147802,0.0013311919581370732,0.0,True,0.40306993336983254,2
201296.8363166766,201296.8363166766,0.0,-0.00014677230742601345,0.7604482844667788,0.0013096280621787042,-0.00014677230742601345,0.7604482844667788,0.0013096280621787042,0.0,True,0.7896096221451401,3
200923.78550217312,200923.78550217312,0.0,-8.525454871333373e-06,0.9711779826619623,0.0013298028405160649,-8.526309161355744e-06,0.9711779826619623,0.0013298028405160653,0.0,True,0.6693403165515529,4
200975.9064072557,200975.9064072557,0.0,-3.8227458905920614e-05,1.1934489157676957,0.0013275448494680265,-3.8227458905920614e-05,1.1934489157676957,0.0013275448494680265,0.0,True,0.7320409168643381,5
200936.14436691254,200936.14436691257,5.820766091346741e-11,-3.8809281927033484e-05,1.256146497199398,0.0013298025010424546,-3.880928214829222e-05,1.256146497199398,0.0013298025010424477,0.0,True,0.7009864690456542,6
201141.069109104,201141.06910910402,5.820766091346741e-11,4.883096869804862e-05,1.1028876344448102,0.0013185962646628572,4.883014849954425e-05,1.1028876344315075,0.0013185962646628567,0.0,True,0.7559055604380776,7
201060.56461848304,201060.5646184831,1.1641532182693481e-10,-4.23661906909616e-05,1.1419152830835122,0.0013229387434668446,-4.2367030364379274e-05,1.1419152830835122,0.001322938743482062,0.0,True,0.6641981188185565,8
201237.42712720815,201237.4271272082,1.1641532182693481e-10,9.413965942393661e-05,0.981898637848422,0.0013132482092406978,9.413965937888045e-05,0.981898637848422,0.0013132482092406974,0.0,True,0.6424793142689954,9
201098.1406228497,201098.1406228497,0.0,-0.00022443384576714104,0.9600774738571871,0.0013205353677833223,-0.00022443384576714104,0.9600774738571871,0.0013205353677833223,0.0,True,0.7819572545404673,10
201027.26714102903,201027.26714102906,5.820766091346741e-11,0.00022203748452020747,0.8794619438025889,0.001324099183572814,0.00022203666098835972,0.8794619438025889,0.0013240991835480314,0.0,True,0.7808315772018358,11
201106.6182314356,201106.6182314356,0.0,0.00017311836076266176,0.6043592287727407,0.0013192733919505904,0.00017311748329832592,0.6043592287474882,0.00131927339195059,0.0,True,0.7747109620547735,12
201119.23074507082,201119.23074507082,0.0,-0.00010706962152225307,0.8409132961595427,0.0013191491751608467,-0.00010706962152653745,0.8409132961595427,0.0013191491751608471,0.0,True,0.766990204717692,13
200939.0413171265,200939.0413171265,0.0,-9.062512537378244e-05,1.1612484323067223,0.0013294296752168564,-9.062512537378244e-05,1.1612484323067223,0.0013294296752168564,0.0,True,0.7382539025450792,14
201131.4853042644,201131.4853042644,0.0,-3.023520830840441e-05,1.2612961215269285,0.0013194641742012593,-3.0235791856492216e-05,1.2612961215186584,0.0013194641741926085,0.0,True,0.6604819803683034,15
201188.9251372656,201188.9251372656,0.0,-4.771206694449634e-05,1.3237674593759694,0.0013165786332213101,-4.771266867881288e-05,1.3237674593679234,0.0013165786332213097,0.0,True,0.7485894572523436,16
201244.63147570568,201244.6314757057,5.820766091346741e-11,-0.00010215342113159388,1.0958567328321625,0.0013131292764766364,-0.00010215342113163167,1.0958567328321625,0.0013131292764766358,0.0,True,0.7420361215384451,17
200928.54492249707,200928.54492249707,0.0,-7.70544745480899e-06,1.3835077879546074,0.001330500502497988,-7.706274965979663e-06,1.3835077879438067,0.0013305005024979884,0.0,True,0.7518869084562995,18
201152.24691067854,201152.24691067854,0.0,5.328280520406295e-06,1.1937333438174795,0.0013182144499455685,5.328280520406295e-06,1.1937333438174795,0.0013182144499455685,0.0,True,0.7711706829563689,19
201163.41900849208,201163.4190084921,5.820766091346741e-11,-3.199247101148725e-05,1.3212622437901833,0.001317916828337147,-3.1992694004233836e-05,1.3212622437901833,0.0013179168283341785,0.0,True,0.7334451270489414,20
201030.9384067911,201030.9384067911,0.0,5.0634824181057566e-05,1.4187224819647737,0.001325143144540772,5.063426246492512e-05,1.4187224819647737,0.0013251431445474185,0.0,True,0.6662931542156669,21
200984.89341563912,200984.89341563918,1.1641532182693481e-10,-0.0001458526713573373,0.9930341764369597,0.001326606630406792,-0.00014585273689109824,0.9930341764345932,0.0013266066304067924,0.0,True,0.7450887907297798,22
201048.98512318367,201048.98512318367,0.0,-0.00023263351603497356,1.4488141182338143,0.001324255976156117,-0.00023263351638760953,1.4488141182338143,0.0013242559761561133,0.0,True,0.766138974770725,23
201221.04148501848,201221.04148501848,0.0,-0.00014524405532869437,0.9882004525534518,0.0013141235888840877,-0.00014524405532869437,0.9882004525534518,0.0013141235888840877,0.0,True,0.7569294524942208,24
201149.9204378248,201149.92043782488,1.7462298274040222e-10,-1.3122691811744819e-05,1.0937237911969686,0.0013181085502476553,-1.3123295752477851e-05,1.0937237911873956,0.0013181085502476555,0.0,True,0.7305073879890064,25
201111.343238549,201111.343238549,0.0,-0.00011776590229467617,0.7965071329934983,0.0013194638024214569,-0.0001177667483757917,0.7965071329934983,0.0013194638023594364,0.0,True,0.7876385765994606,26
201212.27223601597,201212.27223601597,0.0,-0.00019091991755717535,1.0395571720620291,0.0013147017021302501,-0.00019091991755717535,1.0395571720620291,0.0013147017021302501,0.0,True,0.7791536305562238,27
200990.6318973661,200990.6318973661,0.0,-0.00021086630768573427,1.0664518032186558,0.0013264710183115227,-0.00021086715039668837,1.0664518032186558,0.0013264710183115225,0.0,True,0.7930889723288067,28
201078.99199710335,201078.99199710338,5.820766091346741e-11,-0.0005266596089320037,0.6015659898344842,0.0013207256597498195,-0.0005266604696415961,0.6015659898617355,0.0013207256598096496,0.0,True,0.813615841372059,29
201161.7081179784,201161.70811797844,5.820766091346741e-11,-7.587455738223863e-05,1.3387548956725461,0.0013180469896718324,-7.587455741160411e-05,1.3387548956725457,0.001318046989671832,0.0,True,0.7408145210560341,30
201192.79670535156,201192.79670535156,0.0,-0.00016583855695714378,1.4091972589640467,0.001316569704647985,-0.00016583939108241326,1.4091972589745418,0.001316569704647985,0.0,True,0.7028150508000132,31
200973.18877291583,200973.18877291583,0.0,-8.309177046081886e-06,1.0546640012527686,0.0013273697217585027,-8.309177046081886e-06,1.0546640012527686,0.0013273697217585027,0.0,True,0.6154362353905337,32
201155.6124459492,201155.61244594923,5.820766091346741e-11,-9.730995629522474e-05,1.247888166676662,0.001318160752957751,-9.731052125824657e-05,1.247888166676662,0.001318160752957751,0.0,True,0.74407644503204,33
201030.31422132373,201030.31422132373,0.0,-0.00022669191745798475,0.9517199982096259,0.0013241037277045517,-0.00022669191745798475,0.9517199982096259,0.0013241037277045517,0.0,True,0.7514051603597154,34
201050.1331628994,201050.1331628994,0.0,0.00018908491515344503,1.1815185869281353,0.0013235817440722384,0.0001890847614789466,1.1815185869281353,0.0013235817440695973,0.0,True,0.7535911451595959,35
201053.52341195094,201053.52341195094,0.0,7.750705041776077e-06,1.4080749250138305,0.00132392211719006,7.749874385564706e-06,1.4080749250138305,0.0013239221172000573,0.0,True,0.7180451790613689,36
201017.5319406084,201017.5319406084,0.0,4.0479774308848494e-05,1.214500038312714,0.0013253846686925126,4.047895398243389e-05,1.2145000383005642,0.0013253846686792537,0.0,True,0.707760783417037,37
201068.35073956824,201068.35073956827,5.820766091346741e-11,-0.00016627855354189134,1.2650266767633265,0.0013228090919047905,-0.00016627939775340806,1.265026676775326,0.0013228090919173382,0.0,True,0.7618604415139872,38
201245.8483215005,201245.8483215005,0.0,-8.456223527727202e-05,1.3570553818394977,0.001313660088004926,-8.456285011415982e-05,1.357055381847444,0.0013136600880049253,0.0,True,0.7236026890636013,39
200920.39084248428,200920.39084248428,0.0,-0.00012541830789688816,1.0017574739852535,0.001330053951168417,-0.00012541911778894007,1.0017574740153021,0.0013300539511684165,0.0,True,0.7500553067994704,40
201078.8498303138,201078.84983031382,5.820766091346741e-11,-4.602809116393466e-05,0.8644086908518511,0.001321335478726539,-4.6028900010936926e-05,0.8644086908518511,0.0013213354787004717,0.0,True,0.788575249568539,41
201144.82788608098,201144.82788608098,0.0,-0.00039144422414585895,1.1648929178017833,0.0013185397715497287,-0.00039144508933737005,1.1648929178150444,0.0013185397715497291,0.0,True,0.7747868125686459,42
200904.27325372014,200904.27325372017,5.820766091346741e-11,-0.00016300750020154442,1.3522419648237143,0.0013317206938873514,-0.00016300750020154442,1.3522419648237143,0.001331720693887351,0.0,False,0.6932195264633731,43
201162.94073648762,201162.94073648765,5.820766091346741e-11,-6.514064018636775e-05,1.457580443663709,0.0013182534855231244,-6.51408113582712e-05,1.4575804436616124,0.0013182534855231242,0.0,True,0.6569553793090915,44
200976.26235534795,200976.26235534795,0.0,-6.5546029007263865e-06,1.1574137934273696,0.0013274430123790192,-6.5546029007263865e-06,1.1574137934273696,0.0013274430123790192,0.0,True,0.6887887594473241,45
201005.3917979269,201005.39179792692,5.820766091346741e-11,-0.00010768273652220559,1.0000743509958805,0.0013255355272311965,-0.00010768331724617239,1.0000743509958805,0.0013255355272172012,0.0,True,0.7503897947963666,46
200890.00156630625,200890.00156630625,0.0,-8.136677129981745e-05,1.3639784360948009,0.0013325082549763404,-8.136737541996654e-05,1.3639784361028793,0.0013325082549842323,0.0,True,0.7351491861447194,47
201066.92826063232,201066.92826063232,0.0,-0.00014335335047149374,1.47111985137854,0.001323357024597962,-0.00014335335047153673,1.47111985137854,0.0013233570245979622,0.0,True,0.6109258880470554,48
200842.41548226788,200842.41548226794,1.1641532182693481e-10,-0.00024726021799794,1.0637883205130712,0.001334352405067365,-0.0002472610596118992,1.0637883205275114,0.0013343524050673649,0.0,True,0.7593849105653976,49
201258.31151925804,201258.31151925807,5.820766091346741e-11,-5.578453936545313e-05,1.1780259328153537,0.0013125979151603127,-5.578514188285639e-05,1.1780259328153537,0.0013125979151603125,0.0,True,0.3824698781930549,50
201186.73577565144,201186.73577565144,0.0,3.5006066352731445e-05,0.7471333372187763,0.0013153780311542732,3.500527357224672e-05,0.7471333372187763,0.0013153780311542735,0.0,True,0.8057197575937566,51
200896.93609097815,200896.93609097815,0.0,-9.801530049505575e-05,1.3934144672390345,0.0013322066647897502,-9.801613121845736e-05,1.3934144672390345,0.0013322066647897507,0.0,True,0.7532104719370446,52
201010.40836322145,201010.40836322145,0.0,-2.581123853925113e-05,0.8745565366689236,0.001324981119891449,-2.581208129713556e-05,0.8745565366689236,0.0013249811198914492,0.0,True,0.7002510571688669,53
200800.76908481942,200800.76908481942,0.0,-5.028834972277955e-06,1.3260458121866603,0.001337184947367662,-5.028834972277955e-06,1.3260458121866603,0.001337184947367662,0.0,True,0.7319393092965711,54
201006.57348990807,201006.57348990807,0.0,-7.332089190257576e-05,0.9868357165407853,0.0013254424447775369,-7.332162524236816e-05,0.9868357165273837,0.0013254424447775367,0.0,True,0.7392156220927788,55
200993.48923116658,200993.48923116658,0.0,0.00016899097872095684,1.4612340621382105,0.0013272274416968382,0.00016899037398708449,1.4612340621382105,0.0013272274417036403,0.0,True,0.745362882759413,56
201123.3579182416,201123.3579182416,0.0,-0.00016633082333232993,0.8147453331550404,0.0013188715579195973,-0.00016633095093022848,0.8147453331550404,0.0013188715579195971,0.0,True,0.7329497009618066,57
200959.12296538567,200959.12296538567,0.0,3.230532210514484e-05,1.0115618105620487,0.0013280174922851108,3.230532210514484e-05,1.0115618105620487,0.0013280174922851108,0.0,True,0.7578877970129143,58
201260.7426525621,201260.7426525621,0.0,-8.479110315316592e-05,1.0592804412199368,0.0013122000826903994,-8.479190986493944e-05,1.0592804412063728,0.0013122000826903994,0.0,True,0.7530520207999033,59
201200.97272848053,201200.97272848053,0.0,0.0001461286941975558,0.9971715666015293,0.0013151993858079908,0.0001461286826653348,0.9971715666015293,0.0013151993858079903,0.0,True,0.7481702369411642,60
201055.080281538,201055.080281538,0.0,-0.00014734288112150149,1.076253591336049,0.0013230783523791785,-0.00014734369681614542,1.0762535913639186,0.0013230783523963095,0.0,True,0.6886534010377359,61
201055.76479463678,201055.76479463678,0.0,-0.00019150359037880955,1.0579333728203675,0.0013230000983444777,-0.00019150359037880955,1.0579333728203675,0.0013230000983444777,0.0,True,0.7444890926563361,62
201185.00098097246,201185.0009809725,5.820766091346741e-11,-6.0931514250229656e-05,1.2556065262610432,0.0013166297279120214,-6.093151425067953e-05,1.2556065262610432,0.0013166297279120214,0.0,True,0.7528916158883612,63
201020.6718379667,201020.6718379667,0.0,-2.518027016553358e-05,0.9169092657739061,0.0013245345623411737,-2.5180864536156012e-05,0.9169092657739061,0.0013245345623411737,0.0,True,0.7771790322766684,64
200754.37686321558,200754.3768632156,5.820766091346741e-11,-0.00015465318084092384,1.094715736665098,0.0013391314811704142,-0.00015465326239978813,1.0947157366623923,0.0013391314811671046,0.0,True,0.7644228362314085,65
201146.43373433105,201146.43373433105,0.0,-8.666910188634228e-05,1.354552646324167,0.0013188886457685069,-8.666910188634228e-05,1.354552646324167,0.0013188886457685069,0.0,True,0.6892753036657807,66
200890.00684587093,200890.00684587096,5.820766091346741e-11,2.6581246432094794e-05,1.3414491350695674,0.0013324559373120483,2.6580387937968712e-05,1.3414491350695674,0.0013324559373236026,0.0,True,0.6942812548623171,67
201141.83512997878,201141.83512997878,0.0,1.2926821194685412e-05,0.8185812684371755,0.00131790592370188,1.2925961117294823e-05,0.8185812684371755,0.0013179059237018805,0.0,True,0.7291832915478708,68
201277.13332047037,201277.13332047037,0.0,-0.00014896012489399034,0.9002523224834906,0.001310978463130169,-0.00014896096225816276,0.9002523225002426,0.0013109784631545641,0.0,True,0.6666432739508559,69
201063.49069804072,201063.49069804072,0.0,5.253114039677085e-05,1.0751791684779282,0.001322630857583827,5.253032086013531e-05,1.0751791684641603,0.0013226308576007636,0.0,True,0.7563055959889694,70
201157.34326319184,201157.34326319187,5.820766091346741e-11,-0.00028497006193248725,0.9698466466644693,0.0013174342194027092,-0.0002849708123211773,0.9698466466644693,0.0013174342194217196,0.0,True,0.783744624797642,71
200934.16651975177,200934.16651975177,0.0,4.474609042367408e-05,1.3112438841732128,0.0013300347406768312,4.474609042367408e-05,1.3112438841732128,0.0013300347406768312,0.0,True,0.757977147847209,72
200875.746849715,200875.74684971504,5.820766091346741e-11,-0.00015594192699711028,0.9754375531823835,0.001332370416450979,-0.00015594278513025585,0.9754375531981769,0.0013323704164294058,0.0,True,0.7531083312935866,73
201112.56329412074,201112.56329412074,0.0,0.0001873775285324449,1.1914754362307975,0.0013203034037966423,0.0001873775285324449,1.1914754362307975,0.0013203034037966423,0.0,True,0.7208415199091194,74
201054.8827359391,201054.8827359391,0.0,-0.00014465498278677202,1.2321652727768944,0.0013234465107522036,-0.00014465581712714588,1.2321652727768944,0.0013234465107522036,0.0,True,0.760663176992463,75
200836.50899824116,200836.50899824116,0.0,-0.0002464717507837219,0.8414222878103824,0.0013341531115536919,-0.00024647175603177636,0.8414222878103824,0.0013341531115536919,0.0,True,0.7974014338035954,76
201001.28925477303,201001.28925477303,0.0,-4.753845487558819e-05,1.5052118321838972,0.0013269145426187338,-4.753845487558819e-05,1.5052118321838972,0.0013269145426187338,0.0,True,0.6064411198880025,77
201225.5788493551,201225.5788493551,0.0,-0.00021224313173585623,0.9126322747629901,0.0013137129302918916,-0.00021224397794567822,0.9126322747629901,0.001313712930291892,0.0,True,0.7912081656817189,78
201174.16479409978,201174.16479409984,1.1641532182693481e-10,0.0001372517788008631,1.1844712082146278,0.0013170381084586158,0.00013725162432839878,1.1844712082123408,0.001317038108456073,0.0,True,0.7431079752800126,79
201292.29719854938,201292.2971985494,5.820766091346741e-11,-5.4804803646641787e-05,1.0684037554736003,0.001310565624811376,-5.480566422417792e-05,1.0684037554736003,0.0013105656248287277,0.0,True,0.7535719604489953,80
200912.9442140853,200912.9442140853,0.0,-9.418985575666775e-05,1.1317157361118528,0.0013307500288555032,-9.419068638772337e-05,1.131715736125093,0.0013307500288710715,0.0,True,0.7370022815002643,81
201105.51442692953,201105.51442692959,1.1641532182693481e-10,-3.2360175540349977e-06,1.1607099625504285,0.0013206052796134063,-3.236147219100541e-06,1.1607099625504285,0.0013206052796111223,0.0,True,0.7769465072417802,82
201012.925381636,201012.925381636,0.0,-0.00017549311009024381,1.0298739163819624,0.0013252046237200085,-0.00017549311009024381,1.0298739163819624,0.0013252046237200085,0.0,True,0.7119641765606268,83
200900.26902026136,200900.2690202614,5.820766091346741e-11,-0.0002935377496410183,0.958504881926873,0.0013310250676962258,-0.00029353857917281695,0.958504881926873,0.001331025067717875,0.0,True,0.7556678838613987,84
201137.25711112743,201137.25711112743,0.0,-1.3555885002280256e-05,1.150006228427671,0.0013189050849235712,-1.3555885002282184e-05,1.150006228427671,0.0013189050849235712,0.0,True,0.47550976508865284,85
200922.41934210868,200922.41934210868,0.0,-0.0001378817837921488,1.2880744092664913,0.0013306064097908955,-0.00013788261831686841,1.2880744092783036,0.0013306064098030973,0.0,True,0.7249026269432137,86
200818.29570026902,200818.29570026902,0.0,-0.0001491429540113632,0.8359671840500503,0.0013351128066293667,-0.0001491429612891438,0.8359671840500503,0.0013351128066293669,0.0,True,0.7794705325960496,87
201166.39453726436,201166.39453726442,1.1641532182693481e-10,-0.00028237514517495156,1.1055326232974725,0.0013172672215491432,-0.00028237568772838,1.1055326232974725,0.0013172672215491434,0.0,True,0.7155861681805659,88
201173.2867363074,201173.28673630746,1.1641532182693481e-10,-0.000335978168545577,1.0525757938526992,0.001316783198881746,-0.00033597900392202506,1.0525757938668814,0.0013167831988994882,0.0,True,0.7299298943660518,89
200982.9458444492,200982.9458444492,0.0,1.3921429640549409e-06,1.4745732100202784,0.0013278179959653718,1.3921429640549409e-06,1.4745732100202784,0.0013278179959653718,0.0,False,0.7149282058484894,90
201057.72961271708,201057.72961271708,0.0,-4.6891485560338304e-05,1.1344016925477571,0.001323071537443444,-4.689231892713254e-05,1.134401692534627,0.0013230715374434442,0.0,True,0.7140403824591416,91
200916.21173715286,200916.2117371529,5.820766091346741e-11,0.000287936400767477,1.0357633972579963,0.0013303547538177593,0.0002879355578304497,1.0357633972727942,0.0013303547538367666,0.0,True,0.7119819401268255,92
201057.35605985616,201057.35605985616,0.0,-9.353695070191067e-06,1.1759820117829725,0.0013231866942015232,-9.354531220386604e-06,1.1759820117829725,0.0013231866942015232,0.0,True,0.6897654004490109,93
200866.71781347133,200866.71781347133,0.0,-0.00016468088972194597,1.2021187671392024,0.001333375681647801,-0.00016468172308716004,1.2021187671392024,0.001333375681647801,0.0,True,0.614311446271953,94
200962.8800653248,200962.8800653248,0.0,-0.00023127803353780355,1.3597814186861341,0.0013286197975229356,-0.00023127814304755925,1.3597814186846742,0.0013286197975215088,0.0,True,0.17441337355612285,95
201142.2160611448,201142.2160611448,0.0,0.00015854899926737412,1.188721613573357,0.0013187320100882074,0.00015854815879073043,1.188721613573357,0.0013187320101022372,0.0,True,0.7450497109074806,96
201180.45680697032,201180.45680697035,5.820766091346741e-11,8.543187376793554e-05,0.990402059872394,0.001316263678042314,8.54318737600208e-05,0.9904020598723939,0.0013162636780423144,0.0,True,0.7097193944347966,97
201175.9740680321,201175.97406803217,1.1641532182693481e-10,0.00021729622495049046,1.2618500066492357,0.0013171194737045262,0.00021729599922788693,1.2618500066492357,0.0013171194737045262,0.0,True,0.7575042816774719,98
201096.97585890564,201096.97585890564,0.0,-0.0001380197204776884,1.1256385817589776,0.0013209760724005664,-0.0001380197204776884,1.1256385817589776,0.0013209760724005664,0.0,True,0.755207807474154,99
201002.79273209866,201002.79273209866,0.0,-0.00043013728007039903,0.8805889355163087,0.001325398670688477,-0.00043013809561190717,0.88058893553301,0.0013253986706884776,0.0,True,0.6776998518223311,100
200926.55681679703,200926.55681679706,5.820766091346741e-11,-0.00023689793230184908,0.9867515300402305,0.0013296913467922072,-0.00023689793230518278,0.9867515300402304,0.0013296913467922074,0.0,True,0.7729770601990001,101
201173.31853695042,201173.31853695042,0.0,9.177631089924379e-05,1.196341921158474,0.001317109797805429,9.177631089924379e-05,1.196341921158474,0.001317109797805429,0.0,True,0.7171868433452834,102
200988.9949895629,200988.9949895629,0.0,-9.410094699068392e-05,1.009149685631413,0.0013264260689014905,-9.410179414602341e-05,1.009149685631413,0.0013264260688821165,0.0,True,0.7481988362688161,103
201049.3353661598,201049.33536615982,5.820766091346741e-11,2.953411351925938e-05,1.555741406871417,0.0013244828474674828,2.953411351925938e-05,1.555741406871417,0.0013244828474674828,0.0,False,0.7038082121192265,104
201154.9699525325,201154.96995253253,5.820766091346741e-11,-6.366195587381027e-05,1.3876716714155357,0.0013185140796382574,-6.366280121235521e-05,1.3876716714155357,0.0013185140796590908,0.0,True,0.7429994399194427,105
201209.96540094833,201209.96540094833,0.0,2.8139031863586347e-05,1.1894951197850958,0.0013151648828434975,2.8139031863586347e-05,1.1894951197850958,0.0013151648828434975,0.0,True,0.7720508677992085,106
201118.8500148668,201118.85001486685,1.1641532182693481e-10,-0.00011438835955260629,1.0530774957943445,0.0013196547252669053,-0.0001143885015685269,1.0530774957919324,0.0013196547252669055,0.0,True,0.7391697921205832,107
201103.5691796305,201103.5691796305,0.0,0.00011808695324914877,1.574213546837894,0.0013216549991682477,0.00011808679685325997,1.574213546837894,0.0013216549991682482,0.0,True,0.6943801981995448,108
201072.02659123708,201072.02659123708,0.0,-3.82637342364431e-05,1.259708163773836,0.0013226024137010992,-3.826432250755827e-05,1.2597081637655096,0.001322602413701099,0.0,True,0.6105963736239002,109
200786.8841608271,200786.89157397527,0.014826296363025904,6.185296528221452e-06,1.146238616149667,0.0013375108300386297,5.743099709379134e-06,1.1462386717886075,0.001337508613656906,0.001780940594174237,True,0.0001405357621840884,110
201027.97807229692,201027.97807229692,0.0,-0.00011544261999953566,0.9270390259750336,0.001324170786832673,-0.00011544322056625286,0.9270390259750336,0.001324170786849241,0.0,True,0.7573715877024809,111
201055.4365329492,201055.4365329492,0.0,-7.829827915688623e-05,1.3608218946442077,0.0013237123849580738,-7.829827915688623e-05,1.3608218946442077,0.0013237123849580738,0.0,True,0.6895469086303725,112
201106.33235171824,201106.33235171824,0.0,2.16903166814805e-05,1.137623050016399,0.0013205092155094296,2.168947217443951e-05,1.137623050016399,0.0013205092155247058,0.0,True,0.7738096386613047,113
201085.61678094263,201085.61678094263,0.0,-0.00011742255966422673,1.0989361331199272,0.001321515225681147,-0.00011742255966422673,1.0989361331199272,0.001321515225681147,0.0,True,0.7674616498533746,114
201155.42369920318,201155.42369920318,0.0,-0.0001143380904535671,1.077924462794768,0.001317782325313087,-0.0001143380904535671,1.077924462794768,0.001317782325313087,0.0,True,0.7611866693118416,115
201052.32909894473,201052.32909894473,0.0,-0.00017897217329466993,1.236974096080916,0.0013235927361144048,-0.0001789725298148651,1.236974096080916,0.0013235927361088537,0.0,True,0.7088793553546113,116
201202.9839144023,201202.9839144023,0.0,-6.884264938260058e-05,1.3226673586318491,0.0013158359526705167,-6.884264938263915e-05,1.3226673586318491,0.001315835952670517,0.0,True,0.7330607234457199,117
201094.4616977532,201094.46169775326,1.1641532182693481e-10,-0.00034179546094244566,1.2913911490987642,0.0013214886164865966,-0.0003417954702964118,1.2913911490986356,0.0013214886164864656,0.0,True,0.7414877602689679,118
201055.3992900933,201055.39929009334,5.820766091346741e-11,-0.00015253855339741198,1.207442136177569,0.001323362443229022,-0.00015253938686761906,1.207442136177569,0.0013233624432290223,0.0,True,0.737107619488206,119
200801.7677449928,200801.7677449928,0.0,0.0001473096521318915,1.1338076716094876,0.0013366859788840936,0.0001473087929119319,1.1338076716373215,0.0013366859788840938,0.0,True,0.7148610593084328,120
200873.2532530979,200873.2532530979,0.0,-0.00023973366072169202,1.074216770563206,0.0013327315806083524,-0.00023973366106224596,1.0742167705632117,0.001332731580608345,0.0,True,0.747650652585944,121
200925.74661789226,200925.74661789226,0.0,-0.00013767354143157424,0.9380279474531781,0.0013296220884646494,-0.00013767354143157424,0.9380279474531781,0.0013296220884646494,0.0,True,0.7916934663717788,122
201033.78118437945,201033.78118437948,5.820766091346741e-11,-0.00012718421212892043,1.236659401257709,0.0013245743732443094,-0.00012718504236433086,1.236659401257709,0.0013245743732572474,0.0,True,0.466746819147529,123
201197.59217486283,201197.59217486286,5.820766091346741e-11,-0.0002790719294121508,1.1575335199565449,0.0013157430452694044,-0.00027907276162371315,1.1575335199565449,0.0013157430452989984,0.0,True,0.7799034308083272,124
201042.11893210717,201042.11893210717,0.0,9.033055792761795e-05,1.019344411576081,0.0013236338617146231,9.033055792761795e-05,1.019344411576081,0.0013236338617146231,0.0,True,0.7838915295139081,125
201043.8567308249,201043.85673082495,1.1641532182693481e-10,-9.373886430018976e-05,1.1035032299822267,0.001323735014523983,-9.373886439412079e-05,1.1035032299822252,0.0013237350145239803,0.0,True,0.7480188913698668,126
200917.07226142718,200917.07226142718,0.0,-3.7205210916719764e-06,1.0708255863258547,0.0013303898446179055,-3.7213349002347656e-06,1.0708255863396872,0.001330389844617906,0.0,True,0.7313641248780429,127
200902.47224095493,200902.47224095493,0.0,-0.00016619046138674623,1.100339364908096,0.0013312351442644522,-0.0001661913153809349,1.1003393649221211,0.0013312351442644522,0.0,True,0.7663992108232517,128
201123.6123051556,201123.61230515564,5.820766091346741e-11,3.4980523198715465e-05,1.1629847694954822,0.0013196548241395717,3.4979674333575075e-05,1.1629847695088231,0.0013196548241698478,0.0,True,0.7349481024618661,129
201080.3824097423,201080.38240974236,1.1641532182693481e-10,-0.00014571936496063356,0.9153877362278596,0.0013213713018746308,-0.00014571950824613698,0.915387736225127,0.001321371301874631,0.0,True,0.7886816533592794,130
200986.914262257,200986.91426225702,5.820766091346741e-11,-1.6011724894075226e-05,1.2516161061331768,0.0013270942611378802,-1.6012527527371404e-05,1.2516161061331768,0.0013270942611504119,0.0,True,0.6742029158394053,131
200981.90776262473,200981.90776262473,0.0,-0.00013908021501135838,0.6520708106124034,0.0013259806720521989,-0.00013908021501135838,0.6520708106124034,0.0013259806720521989,0.0,False,0.7902096754845808,132
201096.70886710865,201096.70886710865,0.0,-4.8534757289959304e-05,1.2129924743564486,0.0013211902602588055,-4.853557575138392e-05,1.2129924743685558,0.001321190260271993,0.0,True,0.7100611655267481,133
201136.52949512875,201136.52949512875,0.0,-0.00023444171304725823,1.0549296273913957,0.0013187260579758876,-0.0002344417131346745,1.0549296273913942,0.0013187260579758848,0.0,True,0.7765589061488813,134
201290.64456950472,201290.64456950472,0.0,-4.8966665124974376e-05,1.700144568662801,0.001312088232819708,-4.8966665124974376e-05,1.700144568662801,0.001312088232819708,0.0,True,0.7324382882025717,135
200975.51808209595,200975.51808209598,5.820766091346741e-11,-6.38233704428526e-05,0.9332171308425024,0.0013269665611620577,-6.382419142409853e-05,0.9332171308425024,0.0013269665611847538,0.0,True,0.7747827268970887,136
201070.3710845358,201070.37108453584,1.1641532182693481e-10,-0.00011751562114097568,0.7838863116302346,0.0013215990947743341,-0.00011751562535315167,0.7838863116301402,0.001321599094774176,0.0,True,0.764900853792212,137
201179.9107229343,201179.91072293432,5.820766091346741e-11,4.865685814870586e-05,1.4676725307870324,0.0013173820019622027,4.865625454842397e-05,1.4676725307870324,0.001317382001962203,0.0,True,0.6906637042676147,138
200924.4639646387,200924.4639646387,0.0,-1.867551181603203e-05,0.9078633420991125,0.0013296207494900487,-1.8676372440461672e-05,0.9078633421160979,0.0013296207494651717,0.0,True,0.7795119217072486,139
201149.72759399883,201149.72759399886,5.820766091346741e-11,-1.1990239058432736e-05,0.8924232775218487,0.00131765867141845,-1.1991045469433995e-05,0.8924232775218487,0.0013176586714184492,0.0,True,0.761425944547589,140
201136.52122150076,201136.5212215008,5.820766091346741e-11,1.851674599091529e-05,0.9611997564155504,0.0013185121718020372,1.851591391874575e-05,0.9611997564155504,0.0013185121718235482,0.0,True,0.15855956566157053,141
201061.50934107765,201061.50934107765,0.0,4.140016621377735e-05,1.1807394807448555,0.0013229778019825374,4.140016621377735e-05,1.1807394807448555,0.0013229778019825374,0.0,True,0.7468322850012813,142
200858.44262914354,200858.4426291436,1.1641532182693481e-10,-0.00032582381328293756,1.1836027437997199,0.0013337742950511138,-0.0003258240363877714,1.1836027438031944,0.001333774295047199,0.0,True,0.7699361149760793,143
200979.8569220212,200979.8569220212,0.0,0.00011503674897220354,1.125583036905878,0.0013271789154771418,0.00011503590849417132,1.125583036905878,0.001327178915477142,0.0,True,0.6999334446152926,144
200922.71626409623,200922.71626409623,0.0,-0.00010511207616215925,0.8147991559392578,0.0013294990938594094,-0.00010511207616215925,0.8147991559392578,0.0013294990938594094,0.0,True,0.5924551516301456,145
201072.76066272627,201072.76066272627,0.0,2.9203304555900362e-06,1.2271318351771217,0.0013224888895653712,2.9194844077475435e-06,1.2271318351894813,0.0013224888895653714,0.0,True,0.7318183393669198,146
200974.34756472966,200974.34756472966,0.0,-0.0003699102638239774,1.0412538366390307,0.0013272773334444441,-0.00036991109509501547,1.0412538366390307,0.0013272773334444443,0.0,True,0.7547972913901302,147
201140.8116290341,201140.8116290341,0.0,-5.866154067050666e-05,1.2238274567189,0.0013188863632999572,-5.8662363524071985e-05,1.2238274567189,0.0013188863632999576,0.0,True,0.708387482122314,148
201083.89023791213,201083.8902379122,1.1641532182693481e-10,4.182367223965156e-05,1.339596549786564,0.001322158015428813,4.1823061304556235e-05,1.33959654977838,0.0013221580154368915,0.0,True,0.7273994741595029,149
200734.8203507218,200734.8203507218,0.0,3.9210281819041484e-05,0.9310202767009963,0.0013397990708549708,3.92096790240799e-05,0.9310202767009963,0.0013397990708721543,0.0,True,0.7753371278699591,150
200823.86372857075,200823.86372857078,5.820766091346741e-11,-9.740270055239092e-05,1.0468954381945397,0.0013353038412138606,-9.740271322351256e-05,1.0468954381941047,0.0013353038412138606,0.0,True,0.7111763623246012,151
201030.27586682187,201030.27586682187,0.0,4.0050157016726516e-05,0.9180880223749763,0.001324028532020981,4.00500126148405e-05,0.9180880223722144,0.0013240285320169983,0.0,True,0.7911520328174815,152
201065.64282282197,201065.64282282203,1.1641532182693481e-10,-9.272934698210169e-05,1.071919421283481,0.0013225095286410796,-9.272936183960755e-05,1.0719194212832321,0.0013225095286407726,0.0,True,0.7629299859383344,153
201174.25572694239,201174.25572694244,1.1641532182693481e-10,-0.00032261927784621176,0.9904047926755808,0.0013165902150330561,-0.0003226201332837749,0.9904047926907099,0.0013165902150531678,0.0,True,0.7674051616846078,154
200963.2784569992,200963.27845699925,1.1641532182693481e-10,-9.5381194716036e-05,1.4928316104154484,0.0013289050468410892,-9.538121608990839e-05,1.4928316104157078,0.0013289050468413208,0.0,True,0.6789413479387603,155
201140.2476506614,201140.24765066142,5.820766091346741e-11,-0.00027208620568694935,1.1383633002666829,0.0013187207040274587,-0.00027208679808551206,1.1383633002759208,0.001318720704027459,0.0,True,0.5931477532486175,156
201007.98925851437,201007.98925851437,0.0,-0.0001047009190595371,1.1610188733020772,0.0013257677412317136,-0.00010470154753198481,1.161018873311806,0.0013257677412428232,0.0,True,0.7607699360218436,157
201144.31111692567,201144.31111692573,1.1641532182693481e-10,-0.00038961924775986266,0.7785074088407188,0.0013176838122121285,-0.0003896201189939825,0.7785074088030376,0.0013176838121802396,0.0,True,0.785476750325977,158
200974.39033887692,200974.39033887695,5.820766091346741e-11,0.00011503330506713191,1.3162674141538238,0.001327908061795555,0.00011503330506711599,1.3162674141538238,0.0013279080617955548,0.0,True,0.7500553069550854,159
200929.24521730762,200929.24521730767,1.1641532182693481e-10,-0.00012258122550545415,1.278767738989289,0.0013302216960629084,-0.0001225812255056053,1.278767738989289,0.0013302216960629088,0.0,True,0.7370649869994349,160
200996.3374492264,200996.3374492264,0.0,-0.00015580772807650937,1.323760850039517,0.001326760057471534,-0.00015580857209511513,1.323760850039517,0.0013267600574715336,0.0,True,0.7031923489452093,161
201172.2876787582,201172.28767875824,5.820766091346741e-11,-0.00030269224425496166,0.7788601306595294,0.0013162108717406328,-0.0003026930840844469,0.7788601306793509,0.001316210871807626,0.0,True,0.8029823917053701,162
201016.6489997638,201016.6489997638,0.0,0.0001818574469959151,1.1556688553439758,0.0013252962953305542,0.00018185741821075943,1.1556688553435321,0.0013252962953300453,0.0,True,0.7013239767972516,163
200940.52768163444,200940.52768163447,5.820766091346741e-11,9.808152611129355e-05,1.0245643442944654,0.0013290356199793085,9.808071567962867e-05,1.0245643443090329,0.0013290356199982046,0.0,True,0.7297170868100069,164
201031.34367572356,201031.34367572356,0.0,-1.9954775653117408e-06,1.2820316272715864,0.0013248077265231714,-1.995477565571771e-06,1.2820316272715864,0.0013248077265231716,0.0,True,0.6838893897629424,165
201195.98753680647,201195.98753680647,0.0,-0.00011379407441273365,1.1190774651557593,0.0013157397684135394,-0.00011379490077951641,1.1190774651557593,0.0013157397684135398,0.0,True,0.731319893607243,166
201267.93925976392,201267.93925976392,0.0,-0.00018283450108763752,1.0898140212934344,0.0013118918561599916,-0.0001828353173165781,1.0898140212801577,0.0013118918561599922,0.0,True,0.7642949385160731,167
201055.0132991966,201055.0132991966,0.0,-0.00016911221470142143,1.5941733055388505,0.0013242702626483957,-0.0001691128188271421,1.5941733055388505,0.0013242702626483954,0.0,True,0.7243466274637286,168
201033.67805031443,201033.67805031445,5.820766091346741e-11,0.00019547755177241072,1.012460825412275,0.0013240650376933941,0.00019547671774046579,1.012460825412275,0.0013240650376933937,0.0,True,0.745417949636832,169
200948.2798753202,200948.2798753202,0.0,6.818318028548311e-05,1.1700015585151842,0.0013289586534315707,6.818295822844664e-05,1.1700015585117656,0.001328958653427687,0.0,True,0.7003077230429233,170
200973.78708972153,200973.78708972153,0.0,0.0001364842663211195,1.2756728207580008,0.0013278466593575557,0.0001364842663211195,1.2756728207580008,0.0013278466593575557,0.0,True,0.720591941830189,171
201119.44897843144,201119.44897843146,5.820766091346741e-11,-0.00019489529717286232,1.0782694140239786,0.0013196807537096298,-0.0001948961297324094,1.0782694140377898,0.0013196807536927264,0.0,True,0.37506495699282366,172
201077.44553731842,201077.44553731842,0.0,-5.351662396500931e-05,0.8258935467556289,0.001321321433742335,-5.351662396500931e-05,0.8258935467556289,0.001321321433742335,0.0,False,0.7768816701384563,173
201005.09130859797,201005.09130859797,0.0,4.436328961066659e-05,1.2037636790506654,0.001326019695739196,4.436328961066659e-05,1.2037636790506654,0.001326019695739196,0.0,True,0.6165207012691956,174
201132.39412819114,201132.39412819114,0.0,-8.158221946204155e-05,1.147690662801962,0.0013191563663220492,-8.158304253032821e-05,1.147690662801962,0.0013191563663220497,0.0,True,0.6762041594230263,175
200898.48646242227,200898.48646242227,0.0,-5.048931748778945e-05,1.214081119309725,0.0013317099939568718,-5.048931748807347e-05,1.214081119309725,0.0013317099939568716,0.0,True,0.7216549137517656,176
201097.55938546488,201097.55938546488,0.0,-0.00018036592405633824,0.9133202665208043,0.0013204589925956227,-0.00018036679422820734,0.9133202665377138,0.00132045899262007,0.0,True,0.4428422074030282,177
201245.9968562586,201245.9968562586,0.0,9.312345843449129e-05,1.3425501715140595,0.0013136192539032233,9.312261984382554e-05,1.3425501715140595,0.0013136192539140237,0.0,True,0.7049832719215439,178
201111.84728041556,201111.84728041556,0.0,-0.00014109338675520313,1.1314984276888025,0.0013202039276684128,-0.0001410935270578737,1.1314984276865665,0.001320203927665804,0.0,True,0.7408861081237345,179
200991.49324478104,200991.49324478104,0.0,-0.00010870152558220681,0.9591898564221718,0.0013261786243553414,-0.00010870152558220681,0.9591898564221718,0.0013261786243553414,0.0,True,0.5954174043335589,180
201141.92765289656,201141.92765289661,1.1641532182693481e-10,-7.767631594419556e-05,1.1949640877250325,0.0013187614959583856,-7.767646998023427e-05,1.1949640877250325,0.0013187614959583851,0.0,True,0.6510141760560061,181
200986.18059510938,200986.18059510947,1.7462298274040222e-10,6.38873964886805e-05,1.4378746610860575,0.0013275617579261614,6.388723215555856e-05,1.4378746610840027,0.0013275617579261616,0.0,True,0.745528794520455,182
201215.12095784178,201215.1209578418,5.820766091346741e-11,-4.443419602083895e-05,1.2902117668025888,0.001315123300741847,-4.4435035167686184e-05,1.2902117668025888,0.0013151233007418475,0.0,True,0.7267567882185803,183
201234.5207979682,201234.5207979682,0.0,-0.00021290187778251149,0.8787234450666297,0.0013131659006294012,-0.00021290187778251149,0.8787234450666297,0.0013131659006294012,0.0,False,0.7876215235975199,184
201071.23634456523,201071.23634456526,5.820766091346741e-11,0.0001091189680841735,1.0249280575872586,0.0013221059284549072,0.00010911896807499043,1.0249280575872584,0.0013221059284549074,0.0,True,0.7515982503768422,185
200829.45435074964,200829.45435074967,5.820766091346741e-11,-0.00010229288432405711,1.096316759722261,0.0013351196749233592,-0.00010229370435482812,1.0963167597086396,0.0013351196749233588,0.0,True,0.7738744756764565,186
201076.48908560086,201076.48908560086,0.0,-0.00015292954033914991,1.07818970711541,0.0013219502543048802,-0.0001529303773731855,1.0781897071292943,0.0013219502543219044,0.0,True,0.6399519137554047,187
201092.38997711035,201092.38997711038,5.820766091346741e-11,-0.0001675933406076262,1.0718889855993183,0.001321095280904597,-0.00016759414504292778,1.0718889855860527,0.001321095280888247,0.0,True,0.7167502148020812,188
201210.3136589742,201210.3136589742,0.0,-0.0002472210559596957,0.9641159310638198,0.0013146327091498441,-0.0002472210559596957,0.9641159310638198,0.0013146327091498441,0.0,True,0.7887237530145107,189
201032.70052535718,201032.7005253572,5.820766091346741e-11,6.603245043099369e-05,1.224360046364855,0.0013246033866751337,6.603159678232122e-05,1.2243600463774473,0.0013246033866751335,0.0,True,0.7612609210659605,190
201046.1725193939,201046.1725193939,0.0,9.617987194944167e-05,1.3383418723388805,0.0013241513924112768,9.617902224922017e-05,1.3383418723618539,0.0013241513924340071,0.0,True,0.7629839872440627,191
201212.2074736434,201212.2074736434,0.0,8.161619290553528e-06,1.1053097346568173,0.0013148550086482772,8.161619290553528e-06,1.1053097346568173,0.0013148550086482772,0.0,True,0.7165571248236966,192
201161.46033165778,201161.4603316578,5.820766091346741e-11,-9.215890453009122e-05,1.1566877491547036,0.001317644096784971,-9.215890453013339e-05,1.1566877491547036,0.0013176440967849713,0.0,True,0.7473978770432539,193
200931.25200955427,200931.25200955427,0.0,-8.964810167033829e-05,1.57234181948516,0.0013307919041606036,-8.96487150149098e-05,1.57234181948516,0.0013307919041606038,0.0,True,0.6903672303786943,194
201098.98922422985,201098.98922422985,0.0,3.570903391695622e-05,0.7727869797213616,0.0013200616775660063,3.570816258410739e-05,0.7727869797213616,0.0013200616775660059,0.0,True,0.08864837766724433,195
201021.24566137826,201021.24566137826,0.0,1.0128098846484519e-05,1.3349558151171221,0.0013254645483806978,1.012750214866171e-05,1.3349558151171221,0.0013254645483806973,0.0,True,0.752377182940175,196
201074.75156965834,201074.75156965834,0.0,-0.0005508880726414161,0.7077469929929456,0.0013211930408431698,-0.0005508888985720206,0.7077469929929456,0.0013211930408821408,0.0,True,0.7759243914159258,197
200973.94709035076,200973.94709035076,0.0,-0.0001973254559845044,1.2262641717542357,0.0013277244304147977,-0.00019732592502578358,1.2262641717405414,0.0013277244304073837,0.0,True,0.7857941853922159,198
200870.04804519456,200870.04804519456,0.0,-0.000159005318339147,0.8786590359240661,0.0013324505132408483,-0.0001590061498456969,0.8786590359240661,0.0013324505132936081,0.0,True,0.7568822013837018,199
201204.99100252963,201204.99100252966,5.820766091346741e-11,-5.701169602830778e-05,1.3581341371502371,0.0013158112088944257,-5.7011860235815754e-05,1.3581341371502371,0.0013158112088944257,0.0,True,0.21578081618416892,200
201156.2628048181,201156.26280481817,1.1641532182693481e-10,-9.40494201159578e-05,0.9866928561761401,0.0013175296474009664,-9.40494263736358e-05,0.9866928561760279,0.001317529647401116,0.0,True,0.7660235113517904,201
201201.0726093454,201201.0726093454,0.0,7.662288113171406e-05,1.2752540233925778,0.0013158284012916087,7.662227647186424e-05,1.2752540233841962,0.0013158284012829604,0.0,True,0.7322036312011422,202
200930.90851948867,200930.90851948867,0.0,0.00015437664502355325,1.5038993324210066,0.0013306523478366873,0.00015437664502355325,1.5038993324210066,0.0013306523478366873,0.0,True,0.6766118334801875,203
201042.6821254613,201042.68212546132,5.820766091346741e-11,-0.00010836009439768471,1.069127755977548,0.001323718308574469,-0.00010836090794633545,1.069127755977548,0.0013237183085912955,0.0,True,0.7053314377655783,204
201103.68948970697,201103.68948970697,0.0,-0.00025499900809694537,0.8591078362814818,0.001320011133967914,-0.0002549998407351295,0.8591078362814818,0.0013200111339679134,0.0,True,0.7830109894064268,205
201037.95322500748,201037.9532250075,5.820766091346741e-11,-0.00012281235762997975,1.0562888235112657,0.0013239392471522597,-0.0001228129427217178,1.0562888235112657,0.0013239392471522593,0.0,True,0.7281258263624043,206
201008.81398264188,201008.8139826419,5.820766091346741e-11,-5.83828780555005e-05,1.1478086556732647,0.00132569364252749,-5.838287806126043e-05,1.1478086556732645,0.0013256936425274902,0.0,True,0.7402819691750369,207
201017.11187959227,201017.1118795923,5.820766091346741e-11,-0.00026522405121792356,1.1784273459418266,0.0013253240509111602,-0.00026522406698541114,1.1784273459415884,0.0013253240509111604,0.0,True,0.7160728900031766,208
200888.43172956884,200888.43172956884,0.0,-0.0005914343601344706,0.71359614386141,0.001331089909204031,-0.0005914352378027834,0.71359614386141,0.0013310899092457552,0.0,True,0.8339172907867618,209
201118.77940910915,201118.77940910915,0.0,0.00010411341687120995,0.9773257702448859,0.0013194851148043978,0.00010411259338417869,0.9773257702448859,0.0013194851148248996,0.0,True,0.7595279072787445,210
200900.54781060328,200900.54781060328,0.0,-0.00015161008841355536,1.070219990813697,0.0013312680958262096,-0.00015161080875378483,1.07021999080146,0.0013312680958262096,0.0,True,0.77073316623967,211
201163.56127186972,201163.56127186975,5.820766091346741e-11,-0.00012906822469654856,1.2130256622273063,0.0013176620658007776,-0.00012906825440998077,1.2130256622277458,0.001317662065800778,0.0,True,0.7413156312498362,212
201076.53714985173,201076.53714985173,0.0,6.577800036429694e-05,0.9960126397721786,0.0013217593522487664,6.577740239364423e-05,0.9960126397721786,0.0013217593522487662,0.0,True,0.7246660161353936,213
201138.11737017625,201138.11737017625,0.0,6.192134949440601e-05,1.027785752252922,0.0013185802373723503,6.192053871758048e-05,1.027785752252922,0.0013185802373723503,0.0,True,0.7824557002827259,214
201141.24230602363,201141.24230602363,0.0,-8.826370612032938e-05,1.1922736208657856,0.0013187914973039753,-8.826370612032938e-05,1.1922736208657856,0.0013187914973039753,0.0,True,0.7195605889984598,215
200967.84027830025,200967.8402783003,1.1641532182693481e-10,9.143095757827425e-06,1.0796675745949127,0.001327711291490078,9.143082015672764e-06,1.079667574594688,0.0013277112914898018,0.0,True,0.7012090464783981,216
201026.5226318684,201026.52263186843,5.820766091346741e-11,8.871278970401563e-05,1.1785665410104307,0.0013248255726632937,8.871278939971045e-05,1.178566541010426,0.0013248255726632894,0.0,True,0.6526057917761392,217
200999.11882145298,200999.11882145298,0.0,-0.00020031412198485046,0.855077846974823,0.0013255348104749267,-0.00020031412198485046,0.855077846974823,0.0013255348104749267,0.0,True,0.7547605207747939,218
201111.19535313343,201111.19535313343,0.0,-9.304823400951571e-05,1.2466765662762946,0.0013205020157539265,-9.304883091635016e-05,1.2466765662762946,0.0013205020157539262,0.0,True,0.646290487942044,219
201006.76636856177,201006.76636856177,0.0,-5.805607757838337e-05,1.3022435240179817,0.0013261572397635947,-5.805691190964136e-05,1.3022435240064232,0.0013261572397635947,0.0,True,0.6284508914835228,220
201067.77232097992,201067.77232097994,5.820766091346741e-11,-0.0001309762492217997,0.8174887894326002,0.0013218135206264337,-0.0001309770774700207,0.8174887894508998,0.0013218135206560216,0.0,True,0.7887116737685197,221
201084.48981943,201084.48981943005,1.1641532182693481e-10,-3.849047359326667e-05,0.9707128564287043,0.0013212809883472614,-3.849048433631335e-05,0.9707128564285076,0.0013212809883472614,0.0,True,0.7293916582438449,222
201101.79131710774,201101.79131710774,0.0,-0.00018874938558687538,1.214983525061202,0.0013209262518247258,-0.00018875023160265985,1.2149835250737373,0.0013209262518383543,0.0,True,0.7497799715459846,223
200908.31370737325,200908.31370737325,0.0,0.00011215134593380782,1.12557337669663,0.0013309823586723564,0.00011215134593380782,1.12557337669663,0.0013309823586723564,0.0,True,0.7141409242589133,224
200913.77742874803,200913.77742874803,0.0,0.00013412541134951412,1.059249840452301,0.0013305384858026464,0.00013412514869278554,1.059249840452301,0.0013305384858026462,0.0,True,0.7463951235589804,225
200887.06838971315,200887.06838971318,5.820766091346741e-11,-0.00013396847356139565,1.0250595152628124,0.0013318817764926458,-0.00013396847356139874,1.0250595152628124,0.001331881776492646,0.0,True,0.5170399220941594,226
200934.8903521586,200934.8903521586,0.0,7.517601010236138e-05,0.8424818935476354,0.0013289156392156515,7.517601010199136e-05,0.8424818935476354,0.0013289156392156517,0.0,True,0.769358621289953,227
201224.1463195839,201224.1463195839,0.0,-7.533393416560044e-05,1.1465343594752928,0.001314321185223016,-7.533477207215939e-05,1.1465343595012574,0.0013143211852527797,0.0,True,0.7454254103681729,228
201403.95956933906,201403.95956933906,0.0,-9.448003236435626e-05,1.1683907965522897,0.0013049512552415694,-9.448003295628557e-05,1.168390796552281,0.0013049512552415603,0.0,True,0.7497119371039825,229
201020.56102852072,201020.56102852072,0.0,-0.00020981783354268087,1.0806717468946705,0.00132491663118619,-0.00020981869109337327,1.0806717469091507,0.0013249166312039422,0.0,True,0.7222284992941983,230
201089.5095563678,201089.5095563678,0.0,-0.00013908403967734129,1.5091242446185096,0.0013222493281012044,-0.00013908418310735985,1.5091242446168316,0.001322249328099734,0.0,True,0.7682489314536167,231
201074.5639767641,201074.5639767641,0.0,0.00010090793075231864,1.1775146732139001,0.0013222797497302805,0.00010090708091175574,1.1775146732010706,0.0013222797497158736,0.0,True,0.7080583231786802,232
200868.6841368098,200868.6841368098,0.0,-4.0019169197151445e-05,1.248796454195071,0.0013333787081176046,-4.0019169197151445e-05,1.248796454195071,0.0013333787081176046,0.0,True,0.7613378373258831,233
201066.36885564853,201066.36885564853,0.0,-8.468593934291356e-05,1.3059912431219278,0.0013230079099454766,-8.468676320687279e-05,1.3059912431219278,0.00132300790995695,0.0,True,0.6545230137200176,234
201245.28925945135,201245.28925945135,0.0,0.00011219080983414836,1.153202860973846,0.0013132252937939272,0.00011219065902992333,1.1532028609761344,0.001313225293791322,0.0,True,0.7205773756625957,235
200898.46645081154,200898.46645081154,0.0,-0.00018294929388953073,1.1637393597407895,0.0013315948351086335,-0.00018295012174483153,1.1637393597538086,0.001331594835108634,0.0,True,0.7037440853148421,236
200996.04558010065,200996.04558010068,5.820766091346741e-11,-0.00023984330840525554,1.1456428987277965,0.0013263659145452912,-0.0002398441268503754,1.1456428987277965,0.0013263659145452912,0.0,True,0.7724034745897999,237
201084.23132552882,201084.23132552888,1.1641532182693481e-10,-7.508378019451616e-05,0.9873268632723037,0.0013213327186130262,-7.508440491836627e-05,0.9873268632723037,0.0013213327186280353,0.0,True,0.7710900363139245,238
200976.02690632065,200976.02690632074,1.7462298274040222e-10,-0.00014110450790636117,1.1546992553365552,0.0013274492666775107,-0.00014110532871964898,1.1546992553237472,0.0013274492666627855,0.0,True,0.7873937946897331,239
201005.21627321193,201005.21627321196,5.820766091346741e-11,6.466496634489683e-05,1.2149209014856028,0.0013260387169397403,6.46648922239164e-05,1.2149209014845046,0.0013260387169385416,0.0,True,0.7452529261801834,240
201192.65094605714,201192.65094605717,5.820766091346741e-11,6.889590384950507e-05,1.286095780488755,0.0013162964735358989,6.889530484275396e-05,1.286095780488755,0.00131629647354447,0.0,True,0.7391729896305341,241
200996.8052699834,200996.8052699834,0.0,-0.00018538564441824626,0.9932634353254508,0.0013259752143293664,-0.00018538644604910827,0.9932634353254508,0.0013259752143100403,0.0,True,0.7284096881680097,242
201046.88356684946,201046.8835668495,5.820766091346741e-11,-7.316906247878974e-05,1.046288404204781,0.0013234434527553407,-7.316987070830242e-05,1.046288404204781,0.0013234434527553403,0.0,True,0.7154532966688825,243
201069.26056993182,201069.26056993185,5.820766091346741e-11,-0.0001277199158390205,1.2287099855605517,0.001322677674656129,-0.00012772074217746887,1.2287099855486066,0.0013226776746561295,0.0,True,0.7248470269548873,244
201044.6467317446,201044.6467317446,0.0,9.996226592214572e-05,1.2765970233036656,0.0013240904799406805,9.996143465878959e-05,1.2765970233036656,0.001324090479940681,0.0,True,0.7072573639145228,245
200912.43102334847,200912.43102334847,0.0,3.6623449231878176e-05,1.6357582447408912,0.001331940517665204,3.662260131566798e-05,1.635758244750391,0.0013319405176806757,0.0,True,0.7215851031062976,246
200909.5248593241,200909.5248593241,0.0,-0.0001383234886011263,0.8674791617036649,0.001330322342474883,-0.0001383234886011263,0.8674791617036649,0.001330322342474883,0.0,True,0.6410985520534694,247
201031.3472548917,201031.3472548917,0.0,-9.466956841256316e-05,1.035255926663873,0.0013242408319037327,-9.466956841256316e-05,1.035255926663873,0.0013242408319037327,0.0,True,0.7533561330864498,248
201189.65569823165,201189.65569823165,0.0,-0.00023559211357765335,0.9473878589566511,0.0013156812952977962,-0.00023559270489041233,0.9473878589566511,0.0013156812952977964,0.0,True,0.7628429444103602,249
200849.33209124842,200849.33209124842,0.0,-0.00028994203947721296,1.261941025794744,0.0013344416598715845,-0.0002899428773977597,1.2619410258070396,0.001334441659884586,0.0,True,0.684600287689917,250
201246.18204659616,201246.18204659616,0.0,0.00011069100255299727,0.9007220447994367,0.0013126035956967145,0.00011069100255299727,0.9007220447994367,0.0013126035956967145,0.0,True,0.7888615982954215,251
200834.29956187116,200834.29956187122,1.1641532182693481e-10,-0.000159567850424229,1.3398247516504773,0.001335424587627125,-0.000159568680848497,1.3398247516619477,0.0013354245876271247,0.0,True,0.6509596419169489,252
201050.21880346828,201050.2188034683,5.820766091346741e-11,0.00024597442478898127,0.7103966224507003,0.0013224962565286098,0.0002459737985725894,0.7103966224348124,0.0013224962565286098,0.0,True,0.7873877550094946,253
201030.9077505558,201030.9077505558,0.0,0.00012955291010346122,1.132916544328886,0.0013244883783183191,0.00012955291010346122,1.132916544328886,0.0013244883783183191,0.0,True,0.7021132121309226,254
200962.90297850326,200962.90297850326,0.0,-8.879240886997875e-05,0.9713566802211566,0.0013277241377372322,-8.879326022754683e-05,0.9713566802052533,0.0013277241377589706,0.0,True,0.773506947420164,255
201111.89274941746,201111.89274941746,0.0,-9.223029684889867e-05,0.9095161468315658,0.0013196934382225622,-9.223102082070404e-05,0.9095161468172513,0.0013196934382017926,0.0,True,0.7692412041011512,256
201104.06618119308,201104.0661811931,5.820766091346741e-11,-6.972291289634017e-05,1.1898776593062066,0.001320748572147017,-6.972375443082267e-05,1.1898776593062066,0.0013207485721331228,0.0,True,0.7629159527274113,257
201053.78315221972,201053.78315221972,0.0,-0.00027605547365086076,0.9016241176179699,0.0013227463754868795,-0.0002760562662310568,0.9016241176020897,0.0013227463755101762,0.0,True,0.7390191570137147,258
200944.31427642165,200944.31427642165,0.0,1.1214209753569873e-05,1.3133938141964658,0.0013294999303110296,1.1214208691197774e-05,1.3133938141964512,0.0013294999303110147,0.0,True,0.6983649216514815,259
200899.9647226819,200899.9647226819,0.0,-1.5232090825416215e-05,1.1112219825817777,0.0013313937969882405,-1.5232090825416215e-05,1.1112219825817777,0.0013313937969882405,0.0,True,0.730003080284903,260
201231.95466169753,201231.95466169756,5.820766091346741e-11,-0.00014463841553193923,1.1048765715508797,0.0013138158444076812,-0.00014463925011974488,1.1048765715642437,0.0013138158444076817,0.0,True,0.6486766680177564,261
200951.98384775175,200951.98384775178,5.820766091346741e-11,2.9581274474279243e-05,1.07321473769496,0.0013285388041288306,2.9581274259668917e-05,1.0732147376949563,0.001328538804128826,0.0,True,0.7227232147002096,262
201122.8136916485,201122.81369164854,5.820766091346741e-11,-0.00027803389134718173,0.8729916510380015,0.0013190335152372247,-0.00027803389134718173,0.8729916510380015,0.0013190335152372245,0.0,False,0.763550467337698,263
201139.02665538367,201139.02665538367,0.0,-0.00023131032903131056,0.9104757105912848,0.0013182640715269076,-0.00023131112570787097,0.9104757105912848,0.001318264071526907,0.0,True,0.794761056997616,264
201221.17898197842,201221.17898197842,0.0,-6.071442958579001e-05,1.1652636485473253,0.0013145198810872404,-6.071442958579001e-05,1.1652636485473253,0.0013145198810872404,0.0,True,0.7499924238070343,265
201184.65846161687,201184.65846161687,0.0,5.734068929032592e-05,1.039672564327511,0.0013161549228164582,5.73405689327024e-05,1.039672564327511,0.0013161549228138613,0.0,True,0.7126406132698115,266
200836.46928386757,200836.46928386757,0.0,-4.7626510113806164e-05,1.4548320766663434,0.0013355749030657346,-4.76271148929296e-05,1.4548320766663434,0.0013355749030657346,0.0,True,0.7014413940964177,267
201011.27723269264,201011.27723269266,5.820766091346741e-11,-7.762575128273445e-05,1.3193477833980518,0.0013259572905888557,-7.762601222425181e-05,1.319347783401638,0.0013259572905852525,0.0,True,0.6342492755280061,268
201022.05965575698,201022.05965575698,0.0,-0.00011638003105484237,1.0367925786738712,0.001324736413905416,-0.0001163808924215935,1.0367925786885115,0.0013247364138867096,0.0,True,0.7032028293535902,269
201001.36962766366,201001.36962766372,1.1641532182693481e-10,6.729417631824666e-05,1.152397239477706,0.0013260990086571161,6.729415334557723e-05,1.152397239477706,0.0013260990086566996,0.0,True,0.734519467588917,270
201048.93228374008,201048.9322837401,5.820766091346741e-11,0.00015079645569174825,1.1375663549587505,0.0013235444614377047,0.00015079620733974837,1.1375663549587505,0.0013235444614377054,0.0,True,0.6049164725928053,271
201041.1001045216,201041.10010452164,5.820766091346741e-11,-2.5020106179315277e-05,1.1434398875975773,0.0013239726586923757,-2.502010617932272e-05,1.1434398875975773,0.001323972658692376,0.0,True,0.6853641211374478,272
201170.15477846653,201170.15477846656,5.820766091346741e-11,-9.351074686750486e-05,1.0780526468283025,0.0013170063525278321,-9.35115974823489e-05,1.0780526468424103,0.0013170063525450668,0.0,True,0.7121672141543544,273
200955.0835502192,200955.24986781698,0.33263519557658583,-6.026651379961811e-05,1.3285201536503528,0.0013289621897655266,-6.496329757851829e-05,1.330010410335447,0.0013286207212881934,0.007304064702704283,True,0.000138541940755377,274
200974.3084607377,200974.30846073772,5.820766091346741e-11,-6.446544611518828e-05,1.2470534261470094,0.0013277530909575873,-6.446567519766438e-05,1.2470534261470094,0.0013277530909575875,0.0,True,0.7006592640965079,275
201289.04405192923,201289.04405192923,0.0,-0.00030191527564703686,0.9328117918338059,0.0013104280171050094,-0.0003019161052288193,0.9328117918338059,0.001310428017105009,0.0,True,0.7938792734658323,276
201097.92587512397,201097.925875124,5.820766091346741e-11,-0.0001705535687997704,1.2317710078323025,0.0013211689564694793,-0.0001705544054290729,1.2317710078323025,0.0013211689564564754,0.0,True,0.7613095932491772,277
200921.00256763565,200921.00256763565,0.0,-7.301892283779769e-05,1.0566994517381028,0.001330148125973737,-7.301906282683226e-05,1.0566994517381028,0.0013301481259707342,0.0,True,0.6339021752851448,278
201102.1235625815,201102.12356258152,5.820766091346741e-11,5.3400874661455165e-05,1.4278271501138635,0.0013213961429056618,5.3400845298490035e-05,1.427827150113499,0.0013213961429053244,0.0,True,0.7527386716670165,279
201034.42180108084,201034.42180108084,0.0,-0.00012107849129133446,1.1859407384975904,0.0013244239704636972,-0.00012107849129133446,1.1859407384975904,0.0013244239704636972,0.0,True,0.724563165114117,280
200873.25543947378,200873.25543947384,1.1641532182693481e-10,-7.460581333077169e-05,1.1054747009603445,0.0013328036984416856,-7.46066330031041e-05,1.1054747009603445,0.0013328036984416852,0.0,True,0.6686814658308675,281
201009.49810720864,201009.49810720864,0.0,0.00014207038247213995,1.2594659407914754,0.0013259140102404173,0.0001420695337652304,1.2594659408036222,0.0013259140102659924,0.0,True,0.7487605203650327,282
201333.7948118164,201333.79481181645,1.1641532182693481e-10,1.3034627314107738e-05,1.2264067718863667,0.0013087504940020632,1.3034018309363907e-05,1.2264067718863667,0.0013087504940113308,0.0,True,0.7526708146877029,283
201113.93652553175,201113.93652553175,0.0,7.441378757582231e-05,1.143749762090868,0.00132012164438738,7.441317324609383e-05,1.143749762090868,0.00132012164439849,0.0,True,0.7618186970997085,284
201019.52125743878,201019.5212574388,5.820766091346741e-11,-0.0002211125653581517,1.0483799666658649,0.0013248975496070994,-0.000221112565389622,1.0483799666658649,0.0013248975496070983,0.0,True,0.695904844950803,285
201052.66064286043,201052.66064286046,5.820766091346741e-11,6.366641691021299e-05,1.2934628498545178,0.0013237048033463029,6.366589022185432e-05,1.2934628498545178,0.0013237048033313092,0.0,True,0.7127061609110269,286
200950.5446113109,200950.54461131094,5.820766091346741e-11,-3.1663715975906246e-05,1.336382084958986,0.001329221609488245,-3.166454333711073e-05,1.336382084958986,0.001329221609499467,0.0,True,0.6593634084822674,287
201046.21594077325,201046.21594077328,5.820766091346741e-11,4.8009710402771955e-05,1.2650854958286915,0.001323980950071365,4.800954693826773e-05,1.2650854958286915,0.0013239809500689608,0.0,True,0.688903156915894,288
201142.1193715602,201142.1193715602,0.0,-4.4235070202778235e-05,0.7322797543767985,0.0013176936733176833,-4.423578663214097e-05,0.7322797543418234,0.001317693673286215,0.0,True,0.7432509718953054,289
201059.52696687545,201059.52696687545,0.0,-0.0002547276208164811,0.8264567259403057,0.0013222701124674448,-0.0002547284722653215,0.826456725958349,0.0013222701124674446,0.0,True,0.6619597314983012,290
201214.94881972575,201214.94881972575,0.0,-8.471031866578477e-05,1.224489531989572,0.0013149825249455893,-8.471031866578477e-05,1.224489531989572,0.0013149825249455893,0.0,True,0.6926686780855308,291
200984.0042780317,200984.0042780317,0.0,-5.718626328309986e-05,1.1642843797918407,0.001327047805375334,-5.718687077446705e-05,1.1642843797918407,0.0013270478053860834,0.0,True,0.7698949034744799,292
201029.51568034448,201029.5156803445,5.820766091346741e-11,0.00011467828099255624,1.258040388366312,0.0013248494978184075,0.00011467828097608151,1.2580403883663116,0.0013248494978184077,0.0,True,0.7488539567932572,293
201072.1135483504,201072.1135483504,0.0,-0.0001656114519623626,1.227079596031164,0.0013225230022981284,-0.00016561230130037027,1.227079596031164,0.001322523002311501,0.0,True,0.7371916411726905,294
201066.88187617177,201066.8818761718,5.820766091346741e-11,-0.0001424895997278249,1.0502659372292271,0.0013223943314141717,-0.00014248959972788873,1.0502659372292271,0.0013223943314141712,0.0,True,0.7424896254227378,295
201224.95699215998,201224.95699215998,0.0,0.00013992133300251124,1.100665436510452,0.0013141740461480918,0.00013992074401467076,1.1006654365199855,0.001314174046148092,0.0,True,0.7229086663404698,296
200846.69788392866,200846.6978839287,5.820766091346741e-11,0.00010136688740423154,0.9935577719296169,0.0013339613917865483,0.00010136607802737275,0.9935577719296169,0.0013339613917865483,0.0,True,0.7095554366758338,297
201058.45749744587,201058.4574974459,5.820766091346741e-11,0.00025734628020389924,0.8846991060381961,0.0013224602605024362,0.00025734540973181984,0.8846991060381961,0.0013224602605285988,0.0,True,0.6142032660583059,298
201220.48314312098,201220.48314312098,0.0,-8.364234985165155e-05,1.0230187108209952,0.0013142322867558517,-8.364316802063991e-05,1.0230187108209952,0.001314232286755852,0.0,True,0.7124690171721512,299
201202.57580141627,201202.57580141627,0.0,3.0284611880596006e-05,1.0357197195323928,0.0013152029660844222,3.0284611880596006e-05,1.0357197195323928,0.0013152029660844222,0.0,True,0.7661306256604247,300
201121.1841391691,201121.18413916914,5.820766091346741e-11,-6.63628451760756e-05,1.1709266633054025,0.0013198011767312397,-6.636365462342079e-05,1.1709266633178737,0.0013198011767312399,0.0,True,0.7267932034900177,301
201046.51683149987,201046.51683149987,0.0,0.00021826030037863417,0.937507186692573,0.001323213233252706,0.00021825950241551333,0.9375071866769877,0.0013232132332527062,0.0,True,0.7508477395761272,302
201104.65263046586,201104.65263046586,0.0,0.00027626849941676714,1.025032562738462,0.0013203401534712155,0.00027626849941676714,1.025032562738462,0.0013203401534712155,0.0,True,0.763428786903712,303
200985.5431780926,200985.54317809266,1.1641532182693481e-10,-3.6739759217203417e-05,1.2540793003436381,0.001327172712702211,-3.674034539048124e-05,1.2540793003351887,0.0013271727126932694,0.0,True,0.706787872808808,304
201169.15336947487,201169.15336947492,1.1641532182693481e-10,-0.00022743599649016792,0.9415215115017705,0.001316747323075141,-0.00022743600672053794,0.9415215115017705,0.0013167473230751405,0.0,True,0.7834879412420349,305
201082.85659233682,201082.85659233682,0.0,-3.175275636282993e-05,1.3386176725272558,0.001322210438734062,-3.175359737328245e-05,1.338617672515998,0.0013222104387340618,0.0,True,0.7250067214821434,306
201109.30175901722,201109.30175901722,0.0,-0.0001802232801317376,0.9962125933107532,0.0013200286674656361,-0.00018022408797129007,0.9962125932961208,0.001320028667465636,0.0,True,0.7578424999115556,307
201077.97741647868,201077.97741647874,1.1641532182693481e-10,-0.00012462873096308268,1.3921546939656897,0.0013225912456998781,-0.00012462886853426217,1.3921546939639327,0.0013225912456998785,0.0,True,0.7050291020224927,308
200957.68562464562,200957.68562464564,5.820766091346741e-11,-0.00016743046204447924,0.8326438600917292,0.0013276818168044809,-0.00016743134332849557,0.8326438600917292,0.0013276818168660627,0.0,True,0.776383046761932,309
200918.18672705966,200918.18672705966,0.0,-0.0001991991550607519,0.7879324749642694,0.0013296780314837867,-0.00019919916166917032,0.7879324749638356,0.0013296780314835425,0.0,True,0.7386868006442293,310
200865.20527597683,200865.20527597683,0.0,-1.778899140809118e-05,0.7708649211646276,0.0013324595031174026,-1.7789190681840725e-05,0.7708649211598272,0.0013324595031091054,0.0,True,0.754832107949943,311
201077.96202570712,201077.96202570712,0.0,-0.0002403516911302685,1.1460736994411167,0.0013220279672346124,-0.00024035169118829828,1.146073699441115,0.0013220279672346098,0.0,True,0.7459734164907993,312
201017.17479969177,201017.17479969177,0.0,-0.00013484371144033275,0.9476099177443685,0.0013247903861426347,-0.00013484371144033275,0.9476099177443685,0.0013247903861426347,0.0,True,0.7293451176701691,313
201131.88271262252,201131.88271262252,0.0,4.091846081500447e-05,0.9499566869957252,0.0013187311193334616,4.091846081500447e-05,0.9499566869957252,0.0013187311193334616,0.0,True,0.7017856518528822,314
201140.63081464873,201140.63081464876,5.820766091346741e-11,-0.00018597064331318404,0.8030964111203514,0.001317934014388005,-0.00018597119978083077,0.8030964111203514,0.001317934014388005,0.0,True,0.7554257664069288,315
201134.51906550635,201134.51906550638,5.820766091346741e-11,-0.00010872339460047912,0.9925990190982603,0.0013186895726879767,-0.00010872420826610273,0.9925990190982603,0.0013186895726879772,0.0,True,0.7321562023777757,316
201072.78558533217,201072.78558533217,0.0,-0.00017686951457562993,0.9005095061371963,0.0013217387864983422,-0.00017686951457562993,0.9005095061371963,0.0013217387864983422,0.0,True,0.779794184809039,317
200924.61818910736,200924.6181891074,5.820766091346741e-11,-0.00023550949257637458,1.493982656662766,0.0013309643247524335,-0.00023551033290922295,1.493982656662766,0.0013309643247524342,0.0,True,0.5797948790631808,318
201062.00551716448,201062.00551716448,0.0,-0.0001410263217810087,1.2383133423667225,0.0013230836016380602,-0.00014102652869361554,1.2383133423637775,0.001323083601634913,0.0,True,0.7113589718769583,319
201128.2407449103,201128.24074491035,1.1641532182693481e-10,-5.171056936670492e-05,1.4809508429032996,0.0013201379619348936,-5.171116017340832e-05,1.4809508429032996,0.0013201379619348934,0.0,True,0.7222308087515278,320
201090.36743188373,201090.36743188373,0.0,0.00010382792396662949,1.1745076155721517,0.0013214372610129228,0.00010382792396662949,1.1745076155721517,0.0013214372610129228,0.0,True,0.5169246365540155,321
201092.33014986504,201092.33014986504,0.0,-0.00016328601963847017,1.1446153183666905,0.0013212650421567447,-0.00016328601963847017,1.1446153183666905,0.0013212650421567447,0.0,True,0.7581462569650993,322
201075.17517003996,201075.17517004005,1.7462298274040222e-10,4.218538486152471e-05,1.040697213095047,0.0013219337899164354,4.218453875104934e-05,1.040697213095047,0.0013219337899347716,0.0,True,0.7660105439380895,323
200999.49384459906,200999.49384459906,0.0,-0.0001144808114948029,1.07368319348264,0.001326017523754248,-0.00011448164046495665,1.0736831934965472,0.0013260175237542482,0.0,True,0.7619327391821149,324
201279.95001689412,201279.95001689417,1.1641532182693481e-10,-0.00034773642338751615,0.9130301630589298,0.0013108598152676342,-0.00034773656300264447,0.9130301630589298,0.0013108598152676344,0.0,True,0.7928473877867257,325
201084.0911229862,201084.09112298625,1.1641532182693481e-10,-0.0001518048073547241,0.7961083979567358,0.0013209020003067866,-0.00015180571893888152,0.7961083979994252,0.001320902000342202,0.0,True,0.7452184647328068,326
201071.50094826668,201071.50094826668,0.0,-3.884465699471878e-05,0.8768916402322989,0.001321752564928603,-3.8844656996746675e-05,0.8768916402322988,0.0013217525649286035,0.0,True,0.6880817693845622,327
200952.35170245526,200952.35170245526,0.0,0.0001326595020290836,1.1425763629597752,0.0013286790399802699,0.00013265869870274108,1.1425763629597752,0.00132867903998027,0.0,True,0.657135324023082,328
201088.03763590945,201088.03763590945,0.0,-0.00016969575669137425,1.0464159725536863,0.0013212669338798773,-0.00016969575669137425,1.0464159725536863,0.0013212669338798773,0.0,True,0.6768397398687739,329
201095.77289578243,201095.77289578246,5.820766091346741e-11,0.00024637966966053126,0.7265266720823473,0.0013201255830188367,0.0002463787898928198,0.7265266721043878,0.0013201255830188365,0.0,True,0.7818687919451703,330
200892.15166717177,200892.15166717177,0.0,-0.0001702630512146357,1.216750464205072,0.0013320536455296151,-0.00017026360883735253,1.216750464205072,0.001332053645529615,0.0,True,0.7343292197682678,331
200898.8324771988,200898.8324771988,0.0,-2.155532200509742e-05,1.1190210155298927,0.00133147210166449,-2.155532200509742e-05,1.1190210155298927,0.00133147210166449,0.0,True,0.7531154367507128,332
201060.0138424329,201060.0138424329,0.0,7.420318811229929e-05,1.3240254267224776,0.0013233856326338935,7.420259389592578e-05,1.3240254267224776,0.001323385632633894,0.0,True,0.6826166300588545,333
200953.6609227297,200953.6609227297,0.0,-0.0001660664230097221,1.2089747192619353,0.0013287624161978319,-0.0001660664230097221,1.2089747192619353,0.0013287624161978319,0.0,True,0.7337840558773687,334
201088.68314357847,201088.68314357847,0.0,4.155091253497912e-05,1.1193000808761069,0.0013213998018996637,4.155007165799193e-05,1.1193000808626612,0.0013213998019155375,0.0,True,0.637079900031754,335
200930.84239238492,200930.84239238498,1.1641532182693481e-10,-0.00028482113491629053,0.7665297857019882,0.001328955746327412,-0.0002848218940609506,0.7665297857019882,0.0013289557462643573,0.0,True,0.7946502123146408,336
200968.91947789153,200968.91947789153,0.0,0.00028609689099545185,1.2587044274458503,0.0013280661554963555,0.00028609689099545185,1.2587044274458503,0.0013280661554963555,0.0,True,0.7050775964696945,337
201109.24052807945,201109.24052807945,0.0,0.00010239271637559034,0.9036616685028943,0.0013198200497372295,0.00010239189957809899,0.9036616685189401,0.0013198200497372293,0.0,True,0.7782896105676843,338
201047.5445216022,201047.5445216022,0.0,5.4439712295515795e-05,1.0331349701719807,0.001323378279358252,5.4438904192656095e-05,1.0331349701863752,0.0013233782793398133,0.0,True,0.688121559790533,339
201041.36319361522,201041.36319361522,0.0,-3.6890823511163085e-05,1.4490569978732837,0.0013246603307659108,-3.6890823511163085e-05,1.4490569978732837,0.0013246603307659108,0.0,True,0.6913497332690326,340
201021.395898873,201021.395898873,0.0,-0.00040400879755112055,0.7693468403192905,0.001324157259892829,-0.00040400879755600054,0.7693468403192905,0.001324157259892829,0.0,True,0.7738014673699722,341
201244.5400401209,201244.54004012092,5.820766091346741e-11,-8.348601075050767e-05,1.0738049571741255,0.0013130838707746328,-8.348603505255825e-05,1.0738049571741255,0.0013130838707746328,0.0,True,0.7382885415034006,342
201063.99205251003,201063.99205251003,0.0,-0.00015966258396518426,0.9619382919361852,0.0013223446432582915,-0.00015966338801047422,0.9619382919361852,0.0013223446432582917,0.0,True,0.6927972862499485,343
200923.5270132015,200923.5270132015,0.0,5.575307909800405e-05,0.9997917795324462,0.0013298825773900827,5.575223176335188e-05,0.9997917795324462,0.0013298825773900831,0.0,True,0.7488562659309691,344
201191.1487402132,201191.1487402132,0.0,0.0001294117213566601,1.2385481806352228,0.0013162670690139728,0.00012941152454492842,1.2385481806352228,0.0013162670690109951,0.0,True,0.749049356023557,345
201022.03388321673,201022.03388321676,5.820766091346741e-11,-0.00031517096414207486,1.193296371049838,0.0013250973056472,-0.000315171825700185,1.1932963710761995,0.0013250973056618362,0.0,True,0.7724667129035906,346
201073.9573669311,201073.95736693114,5.820766091346741e-11,-0.00025404263311678123,0.8698131225992694,0.0013216064751744507,-0.0002540434657167273,0.8698131225992694,0.0013216064751744511,0.0,True,0.7886132636063015,347
201112.7563278777,201112.7563278777,0.0,-0.0001200414670532291,0.885446620216099,0.0013195927664715788,-0.0001200420026144596,0.885446620216099,0.001319592766471579,0.0,True,0.5091743915857655,348
201103.00255534446,201103.0025553445,5.820766091346741e-11,-6.360827273367224e-05,1.1422215010831513,0.0013206956380126058,-6.360843023399178e-05,1.1422215010856158,0.0013206956380097572,0.0,True,0.7509957101697494,349
201026.69999002627,201026.69999002627,0.0,-0.00017470899270159184,0.8210645305880474,0.0013239951153399105,-0.00017470899270166984,0.8210645305880474,0.00132399511533991,0.0,True,0.7876451491318648,350
201146.5351887524,201146.5351887524,0.0,0.00011624446109637165,0.9215498581975748,0.0013178935124366937,0.00011624446109637165,0.9215498581975748,0.0013178935124366937,0.0,True,0.7393065715519176,351
201267.4531891305,201267.4531891305,0.0,-0.00016092058991873482,1.231094410878407,0.0013122387555208148,-0.00016092143028151158,1.231094410878407,0.0013122387555208148,0.0,True,0.7364835853396728,352
201091.37310672723,201091.37310672723,0.0,-0.0001581771921604482,1.0412000665356318,0.0013210787152592998,-0.00015817778918014757,1.041200066515251,0.0013210787152463704,0.0,True,0.7233825983303392,353
201137.19252037344,201137.19252037344,0.0,-5.557034294808201e-05,1.2643988220631608,0.001319170085373148,-5.557093343284826e-05,1.2643988220631608,0.001319170085373148,0.0,True,0.7391523838773696,354
201081.8447316192,201081.8447316192,0.0,4.136013551375225e-05,1.089658866218292,0.0013216933726622527,4.1359296736699694e-05,1.089658866218292,0.0013216933726787985,0.0,True,0.5259536806988188,355
201043.4475474968,201043.4475474968,0.0,0.00015093612001157742,0.9716817014334268,0.0013234541283670867,0.0001509352513996942,0.9716817014493516,0.0013234541283670864,0.0,True,0.561817259435738,356
201149.62386568086,201149.6238656809,5.820766091346741e-11,-2.8501594404812033e-05,1.2823602366759692,0.001318555341370929,-2.8502198722251744e-05,1.2823602366676363,0.0013185553413623606,0.0,True,0.7404986847359571,357
200918.69242043895,200918.69242043895,0.0,-8.25168670250738e-05,1.1787934887654419,0.001330552686168879,-8.25177049809667e-05,1.1787934887654419,0.0013305526861688785,0.0,True,0.6652257412529257,358
201286.37822544854,201286.3782254486,1.1641532182693481e-10,-0.00019899615618384402,1.1135760026848571,0.0013109786280498545,-0.00019899698923991427,1.1135760026848571,0.0013109786280498538,0.0,True,0.7619190612509149,359
201079.65584060876,201079.65584060882,1.1641532182693481e-10,0.00014685264926255582,1.3435617823621941,0.0013223910653734328,0.00014685204539955743,1.3435617823621941,0.0013223910653814186,0.0,True,0.7317998653249553,360
201030.71075360122,201030.71075360122,0.0,1.1228274556878893e-05,1.241395886143679,0.0013247479416122604,1.1227450686354946e-05,1.241395886143679,0.00132474794161226,0.0,True,0.7164262073620845,361
201059.68888832792,201059.68888832792,0.0,-0.0002096999767621712,0.9932543781316833,0.0013226440999638107,-0.00020970082744328774,0.9932543781316833,0.001322644099984268,0.0,True,0.6797622021339504,362
201220.8016931705,201220.8016931705,0.0,-1.4534817144502459e-05,0.8517728355342459,0.0013138253040369554,-1.4535647113546873e-05,0.8517728355342459,0.001313825304036956,0.0,True,0.7150987358073209,363
201085.98396560384,201085.9839656039,1.1641532182693481e-10,-2.5292569490411888e-05,1.271376285709739,0.0013218909557632874,-2.5292702488390607e-05,1.271376285709739,0.0013218909557613547,0.0,True,0.587598059306511,364
201021.7024578255,201021.7024578255,0.0,3.0258652785181555e-05,1.0874992350418384,0.0013248718248972753,3.0258652785181555e-05,1.0874992350418384,0.0013248718248972753,0.0,True,0.7451964379542383,365
200827.77593801002,200827.77593801008,1.1641532182693481e-10,-0.0005018132275800675,0.7270359431371372,0.0013343544708078446,-0.0005018140608905712,0.7270359431371372,0.0013343544708461874,0.0,True,0.7672346313954008,366
200912.0150368407,200912.0150368407,0.0,-9.334368351982786e-05,0.9637052666132584,0.001330411843020146,-9.334368351983122e-05,0.9637052666132584,0.0013304118430201453,0.0,True,0.14656667020293584,367
201087.9258796014,201087.9258796014,0.0,-0.0001070594780595615,0.8248590729523168,0.0013207652640154052,-0.00010706028793066187,0.8248590729523168,0.001320765264043554,0.0,True,0.742838501843301,368
201045.95464548885,201045.95464548885,0.0,-9.53925222635172e-06,1.167724426386098,0.001323771327721795,-9.53925222635172e-06,1.167724426386098,0.001323771327721795,0.0,True,0.7403549774116738,369
201120.46400266764,201120.46400266764,0.0,-0.0005571671688962572,0.5991374889539587,0.001318530995040694,-0.0005571679849831477,0.5991374889539587,0.001318530994986892,0.0,True,0.797940202807082,370
200978.92854752287,200978.9285475229,5.820766091346741e-11,-9.792233698154445e-05,1.2881173269701813,0.0013276022447757988,-9.792292118301764e-05,1.2881173269620017,0.001327602244775799,0.0,True,0.7413694548550153,371
200837.2696627117,200837.2696627117,0.0,-4.5424454315699906e-05,1.2553680182832576,0.0013350704665032968,-4.5424454315699906e-05,1.2553680182832576,0.0013350704665032968,0.0,True,0.7014341109145716,372
201033.2921873206,201033.2921873206,0.0,-5.747174066719213e-05,1.438259960037707,0.0013250632566281918,-5.7472344119741676e-05,1.438259960037707,0.001325063256621239,0.0,True,0.7113886371178074,373
201158.80742927373,201158.8074292738,1.1641532182693481e-10,-5.4204482472401506e-05,0.931975546924175,0.0013172705479619373,-5.4205318132675165e-05,0.931975546924175,0.0013172705479619366,0.0,True,0.7148875269907322,374
200985.86975171478,200985.8697517148,5.820766091346741e-11,-0.00012515809357388236,1.2939804364015226,0.0013272471794171868,-0.00012515892622233887,1.2939804364015226,0.0013272471794171863,0.0,True,0.7639570755005755,375
201110.27868570844,201110.27868570844,0.0,0.00032833612144430327,1.2221937299646966,0.001320494386577477,0.00032833528927319776,1.2221937299646966,0.001320494386577477,0.0,True,0.6817474585997677,376
201097.71283183584,201097.71283183587,5.820766091346741e-11,-0.00034973981994066767,0.9448892573523265,0.0013205231823062238,-0.00034973982787706595,0.9448892573521795,0.0013205231823058131,0.0,True,0.699217572789306,377
201286.09637680673,201286.09637680673,0.0,-0.00015999825392144041,0.7667801883910679,0.001310205186241551,-0.00015999825392144041,0.7667801883910679,0.001310205186241551,0.0,True,0.8008994356755688,378
201106.05284183455,201106.05284183455,0.0,2.726773211091908e-06,1.1553540899273749,0.0013205645758535547,2.7266880389276024e-06,1.1553540899273749,0.0013205645758550548,0.0,True,0.7341821374251474,379
200979.14641246147,200979.14641246147,0.0,-9.907196436081031e-05,1.015517105202941,0.0013269633599278814,-9.907279612110595e-05,1.015517105202941,0.0013269633599278811,0.0,True,0.7545530423185202,380
201076.84602325858,201076.84602325864,1.1641532182693481e-10,-8.977377995969962e-05,0.9746934275810509,0.0013216941577509692,-8.977377995969994e-05,0.9746934275810509,0.0013216941577509694,0.0,True,0.7183743378577342,381
201179.31242346085,201179.31242346088,5.820766091346741e-11,7.210539280218875e-05,1.0374310419396515,0.0013164312847023516,7.210454982116027e-05,1.0374310419396515,0.0013164312847023518,0.0,True,0.7789079604053109,382
201113.4130569446,201113.41305694464,5.820766091346741e-11,-0.00013625414563583947,0.9820628347834647,0.0013197792196825017,-0.00013625473487261994,0.9820628347624222,0.0013197792196825019,0.0,True,0.7526800516673442,383
201083.60202167317,201083.6020216732,5.820766091346741e-11,3.64552149101052e-05,1.0699014574148573,0.001321555197118878,3.645497390911361e-05,1.069901457418886,0.0013215551971238546,0.0,True,0.7200080532630982,384
201077.1733585677,201077.17335856773,5.820766091346741e-11,-0.0002285334536077578,1.0188018039361473,0.001321777949587948,-0.00022853426350631596,1.0188018039361473,0.0013217779495879483,0.0,True,0.7427024329386798,385
201126.86408979486,201126.86408979486,0.0,2.5281195082195377e-05,1.215349914532043,0.0013196029827797558,2.5281187804365633e-05,1.2153499145319364,0.0013196029827797558,0.0,True,0.6968537748402854,386
201078.86105533887,201078.8610553389,5.820766091346741e-11,-3.860802693869959e-05,1.3005870222609606,0.0013223345960072371,-3.860804426601024e-05,1.3005870222609606,0.0013223345960069926,0.0,True,0.7462590547423267,387
201199.087702223,201199.08770222304,5.820766091346741e-11,1.583905873626214e-05,1.2898176081389088,0.0013159661004041258,1.5838587681665718e-05,1.289817608126251,0.0013159661004041256,0.0,True,0.7223338373503237,388
201043.7323303603,201043.73233036033,5.820766091346741e-11,5.566488211531635e-05,1.271502257723888,0.001324127216041884,5.566428576839232e-05,1.271502257732313,0.0013241272160506574,0.0,True,0.6366404294222084,389
200917.26837382137,200917.26837382137,0.0,-0.00018902365818570897,0.8101000282889292,0.0013297780055881122,-0.00018902447904986733,0.8101000282889292,0.0013297780055586096,0.0,True,0.7185315453950363,390
200986.13017518996,200986.13017519,5.820766091346741e-11,-0.00014118570855746376,1.007428900169293,0.0013265741177017952,-0.00014118653009608255,1.007428900169293,0.001326574117701795,0.0,True,0.7547917846777203,391
201000.4035677224,201000.4035677224,0.0,-0.00012777185794510422,1.012344189793344,0.0013258282460147273,-0.00012777269536626596,1.012344189793344,0.0013258282460147277,0.0,True,0.7366121935131402,392
201169.06688244126,201169.0668824413,5.820766091346741e-11,-0.00016696433408095314,1.018316586781433,0.0013169272465728043,-0.00016696516927445484,1.018316586781433,0.0013169272465541617,0.0,True,0.7666107749099648,393
200992.84411428048,200992.84411428048,0.0,-4.15224153020283e-05,1.2806450717081521,0.0013268462896391026,-4.152302532872948e-05,1.2806450717081521,0.001326846289639103,0.0,True,0.4769765029507644,394
201123.10115873293,201123.10115873298,1.1641532182693481e-10,-8.966419604866359e-05,1.3640098061632315,0.0013201417838290736,-8.966480862395652e-05,1.3640098061632315,0.0013201417838290736,0.0,True,0.7133147407993728,395
200979.85189458856,200979.8518945886,5.820766091346741e-11,-0.00010565664355598993,1.262019027992831,0.0013274931514689063,-0.00010565677877157462,1.2620190279889962,0.0013274931514648724,0.0,True,0.7598861985701035,396
201006.84506014534,201006.84506014534,0.0,-0.00013156234604419078,1.1969543710393133,0.001325911025779719,-0.00013156234604419078,1.1969543710393133,0.001325911025779719,0.0,True,0.7687075865659129,397
201072.64490452528,201072.6449045253,5.820766091346741e-11,2.519044042237873e-05,1.257158204937088,0.0013225638563088263,2.519044003593819e-05,1.2571582049370826,0.0013225638563088206,0.0,True,0.7411870230365928,398
201052.37487247158,201052.3748724716,5.820766091346741e-11,-0.0001759196352143705,1.1103132993419245,0.0013232996861448287,-0.00017592047146767898,1.1103132993419245,0.0013232996861448287,0.0,True,0.7517325429513483,399
201017.1051175636,201017.1051175636,0.0,0.0001891176971379496,1.3912977645957596,0.001325813567022812,0.00018911769617502988,1.3912977645957472,0.0013258135670228116,0.0,True,0.7101798263121596,400
201056.9417754683,201056.94177546832,5.820766091346741e-11,-0.00023676682871918723,1.414173885311528,0.0013237550972615038,-0.0002367669723566821,1.414173885311528,0.0013237550972598209,0.0,True,0.7468718979120945,401
201151.4500983594,201151.45009835943,5.820766091346741e-11,-0.00013808147036900386,1.2691326267849732,0.0013184287925036037,-0.0001380816134401304,1.2691326267849732,0.0013184287925036035,0.0,True,0.3793308781420707,402
201201.38108712685,201201.38108712694,1.7462298274040222e-10,-2.6934402605004012e-05,1.4275427134483532,0.0013161595546439925,-2.6935233237688656e-05,1.4275427134483532,0.0013161595546345686,0.0,True,0.4861549388338265,403
200875.58310636738,200875.58310636747,1.7462298274040222e-10,9.88718217076076e-05,1.2497022244845821,0.0013330128944729436,9.88717009678845e-05,1.2497022244828477,0.0013330128944710935,0.0,True,0.7266036662805924,404
201210.1515504405,201210.15155044058,1.7462298274040222e-10,8.359184539499211e-05,1.274980407325934,0.0013153500110012976,8.359183622406613e-05,1.274980407325807,0.0013153500110011662,0.0,True,0.6582357772031798,405
200895.93241981498,200895.932419815,5.820766091346741e-11,-9.157782608485633e-05,0.9127960883241154,0.0013311504487218443,-9.157782609500568e-05,0.9127960883241152,0.0013311504487218443,0.0,True,0.4304938628573356,406
201074.96130125583,201074.96130125585,5.820766091346741e-11,-6.850974158722097e-05,0.9418535933299064,0.0013217185280511488,-6.851055456543506e-05,0.9418535933299064,0.0013217185280511483,0.0,True,0.7330081431102794,407
201167.28818421392,201167.28818421398,1.1641532182693481e-10,-0.00021648622443449367,0.8849998811368166,0.0013167164895623157,-0.00021648622443815177,0.8849998811368165,0.0013167164895623161,0.0,True,0.7788971246188077,408
201071.76213010796,201071.76213010796,0.0,-4.531099172707333e-05,1.2090721516219747,0.0013225003051945715,-4.531183443774869e-05,1.2090721516219747,0.0013225003051945713,0.0,True,0.7335534847244494,409
201178.5059071919,201178.5059071919,0.0,-8.096555495232945e-05,0.9004607051622701,0.0013161610906996092,-8.09655695150188e-05,0.9004607051617121,0.001316161090699609,0.0,True,0.7571360427965897,410
201203.4789220587,201203.4789220587,0.0,5.412275268947878e-05,1.04060276857847,0.0013151665913661932,5.412186923841861e-05,1.0406027685935408,0.0013151665913661936,0.0,True,0.6378554574034665,411
201237.61500896403,201237.61500896406,5.820766091346741e-11,-0.00018613065232191188,1.0060761103769094,0.0013132934004895496,-0.00018613145719907528,1.0060761103769094,0.0013132934004895496,0.0,True,0.74174231206705,412
200979.52077952825,200979.52077952825,0.0,-2.9307589464140076e-05,1.2398310745973478,0.0013274596720112433,-2.9307589464140076e-05,1.2398310745973478,0.0013274596720112433,0.0,True,0.4219899098709232,413
201049.61188744573,201049.61188744573,0.0,-0.00010079688354005801,1.253889724974346,0.0013237754224383871,-0.00010079773851233846,1.253889724974346,0.0013237754224512482,0.0,True,0.746758921475655,414
200934.20348095096,200934.20348095102,1.1641532182693481e-10,-5.955642009161852e-05,0.9454560673279007,0.0013291895097423871,-5.95569586358906e-05,0.9454560673279007,0.001329189509728071,0.0,True,0.7742153585294758,415
201015.0180339911,201015.3355093552,0.6349507282138802,-0.0004699118909766214,0.7304686409030883,0.0013244057961561792,-0.00044687091806572087,0.7304744788052498,0.0013239311223769306,0.00921894479479696,True,1.5290088891683224e-05,416
201030.34240639946,201030.34240639946,0.0,6.811926040672345e-05,1.1957745352667355,0.0013246626860458038,6.811867808456536e-05,1.1957745352667355,0.0013246626860458043,0.0,True,0.6982222801073183,417
200983.93762610984,200983.93762610984,0.0,2.8168663076358843e-05,1.4496743689112102,0.0013277080236368264,2.8168663076358843e-05,1.4496743689112102,0.0013277080236368264,0.0,True,0.6794200759694216,418
201038.5145309384,201038.5145309384,0.0,-8.356396828143333e-05,0.9389186233031388,0.0013236400909833344,-8.356396828143333e-05,0.9389186233031388,0.0013236400909833344,0.0,True,0.7344139519266786,419
201149.73144312832,201149.73144312834,5.820766091346741e-11,0.00011936360081867472,0.9519439453312006,0.0013177944898058198,0.0001193634660964271,0.951943945328686,0.0013177944898023388,0.0,True,0.778542919075001,420
200986.49347004996,200986.49347004996,0.0,-0.00011258725663038879,0.9694033706749589,0.0013264673688424486,-0.00011258785669811574,0.9694033706749589,0.0013264673688274308,0.0,True,0.21877344397157683,421
201175.83671199396,201175.83671199396,0.0,-0.00027108083058087376,1.133221314632441,0.0013168330182823605,-0.0002710816321169429,1.133221314632441,0.0013168330182823608,0.0,True,0.7270003266839238,422
200966.16119231321,200966.16119231324,5.820766091346741e-11,9.945346713004513e-05,1.3015345379946137,0.0013283113113555314,9.945325570523207e-05,1.3015345379916863,0.001328311311355531,0.0,True,0.743675521340003,423
201202.59830707073,201202.59830707076,5.820766091346741e-11,-9.023598242234639e-05,1.1425614896768752,0.0013154454528552517,-9.023682298640498e-05,1.1425614896768752,0.0013154454528703982,0.0,True,0.5246006297227522,424
201169.5669997579,201169.5669997579,0.0,7.489878793290128e-05,1.2710872379367373,0.0013174781690124535,7.489878793290128e-05,1.2710872379367373,0.0013174781690124535,0.0,True,0.755567164510569,425
200898.81576433624,200898.8157643363,1.1641532182693481e-10,-9.69479490109436e-05,1.1169138215978693,0.0013314681271268196,-9.694853011749159e-05,1.1169138215978693,0.001331468127115606,0.0,True,0.597621863205868,426
201062.21633114462,201062.21633114462,0.0,-1.199220067324904e-06,1.3504060855662094,0.0013233295610754624,-1.1993633171033403e-06,1.350406085564313,0.0013233295610754622,0.0,True,0.7064041798145664,427
201167.4618750803,201167.46187508033,5.820766091346741e-11,-3.4113755414893565e-05,1.030560541187762,0.001317039759048922,-3.4114584844749275e-05,1.030560541187762,0.001317039759030716,0.0,True,0.7670720947831431,428
201022.02529710138,201022.02529710138,0.0,-0.00012703388823597905,1.3339708044512688,0.001325420950757187,-0.00012703389674376857,1.3339708044511553,0.001325420950757074,0.0,True,0.6936657472875859,429
201088.7389815896,201088.7389815896,0.0,-8.321389451079029e-05,1.1803192209398154,0.001321536655141155,-8.321411401039332e-05,1.1803192209398154,0.001321536655137436,0.0,True,0.7389507673629819,430
201139.36062980018,201139.3606298002,5.820766091346741e-11,-1.0403657170572724e-05,1.3666211561547923,0.001319289442345453,-1.0404264321252927e-05,1.3666211561547923,0.0013192894423379666,0.0,True,0.6798929421468564,431
200930.43203825285,200930.43203825288,5.820766091346741e-11,-0.00010346208056190806,1.084757013917007,0.001329711206651066,-0.00010346209428843481,1.084757013917007,0.0013297112066507843,0.0,True,0.7236838684787692,432
201034.92845473977,201034.92845473977,0.0,-0.00018991734518333805,1.1856927622147209,0.0013243965603763114,-0.00018991734518333805,1.1856927622147209,0.0013243965603763111,0.0,False,0.7528660363107753,433
200865.95977035537,200865.95977035537,0.0,-0.00019360256532755036,1.3915782902810203,0.0013338541170564825,-0.00019360256532755036,1.3915782902810203,0.0013338541170564825,0.0,True,0.6951180965963657,434
201118.45734561124,201118.45734561124,0.0,-0.00010435790737206806,1.2616607509011695,0.0013201527848655903,-0.00010435873956091786,1.2616607509011695,0.0013201527848779348,0.0,True,0.6983700730095032,435
201055.0834478785,201055.08344787854,5.820766091346741e-11,7.144755924962898e-05,0.947244016540118,0.001322782228545058,7.144742105109818e-05,0.9472440165375512,0.0013227822285414737,0.0,True,0.7530250201716304,436
201060.17948891906,201060.17948891906,0.0,-0.00010726684426016742,1.3978981173898448,0.001323546332267559,-0.00010726767936552578,1.397898117400555,0.0013235463322675586,0.0,True,0.7004301140956084,437
201053.80516732414,201053.80516732417,5.820766091346741e-11,-0.00017490940399921296,0.8795395933509925,0.0013226945482947997,-0.00017491018190045988,0.8795395933509925,0.0013226945482708713,0.0,True,0.7361403931150449,438
201078.65735988657,201078.65735988657,0.0,7.825421431733302e-05,1.4911506898493079,0.0013227822198884668,7.825421431693552e-05,1.4911506898493079,0.001322782219888467,0.0,True,0.6909449016506326,439
200859.20944735402,200859.20944735408,1.1641532182693481e-10,0.00010511085418111824,1.0470443305977304,0.0013334176284623307,0.00010511002930133831,1.0470443305977304,0.0013334176284806622,0.0,True,0.7483921039013629,440
201093.51818107025,201093.51818107028,5.820766091346741e-11,-9.08984648016471e-05,1.0415285143092392,0.0013209661199754912,-9.089927914035326e-05,1.0415285143092392,0.0013209661199754918,0.0,True,0.4909278318036546,441
201025.44944504843,201025.44944504846,5.820766091346741e-11,0.00014756688122357611,1.2458040924325777,0.001325036893310756,0.0001475668556609841,1.2458040924322074,0.001325036893310362,0.0,True,0.7483626164803966,442
200952.043706931,200952.04370693106,1.1641532182693481e-10,-0.00023623421868328276,0.8298243173950908,0.0013279749832271054,-0.00023623516477092705,0.8298243174157509,0.0013279749832932305,0.0,True,0.7016206282859835,443
201209.07056924785,201209.07056924785,0.0,-0.0005229096020955878,0.9099209630920552,0.0013145745210380534,-0.0005229104384169744,0.9099209630920552,0.001314574521038053,0.0,True,0.8012866814825781,444
201037.43340806925,201037.4334080693,1.1641532182693481e-10,-1.901245996117704e-05,0.8644862329223627,0.0013235264704604002,-1.901326817706655e-05,0.8644862329223627,0.0013235264704343104,0.0,True,0.7405649427305846,445
201079.3191159356,201079.3191159356,0.0,-0.00022885491106295684,0.9736284493522258,0.001321560976623547,-0.00022885550811308568,0.9736284493522258,0.001321560976623547,0.0,True,0.7009846925640577,446
201013.19264597824,201013.19264597827,5.820766091346741e-11,0.00011944072738629733,1.2368125206143064,0.0013256660164587019,0.00011943989539217118,1.2368125206022003,0.0013256660164587019,0.0,True,0.6528800612502351,447
201019.88972844864,201019.88972844867,5.820766091346741e-11,8.714569852105092e-05,1.1321350603820788,0.001325070441232774,8.714554116642465e-05,1.1321350603820788,0.0013250704412299183,0.0,True,0.7525777335678245,448
200982.96972792986,200982.9697279299,1.1641532182693481e-10,-0.0006942183445727681,0.8318029499942983,0.0013263377913482763,-0.0006942192253729582,0.8318029500130842,0.0013263377913482759,0.0,True,0.6968711830060405,449
200970.2590079774,200970.25900797744,5.820766091346741e-11,6.539574573611675e-05,1.1038537543711235,0.0013276385185078238,6.53953188092992e-05,1.1038537543711235,0.0013276385185078234,0.0,True,0.7512793943317401,450
200958.88773003515,200958.88773003517,5.820766091346741e-11,2.4420090501134652e-05,1.165441902283255,0.0013283843756235758,2.441922642063773e-05,1.165441902283255,0.0013283843756388806,0.0,True,0.7705184047145534,451
200951.61820043574,200951.61820043574,0.0,-7.94363217890301e-05,1.5261839311314154,0.0013296018580121513,-7.94369311625277e-05,1.5261839311314154,0.0013296018580121515,0.0,True,0.6925708010049162,452
201007.54941393388,201007.54941393394,1.1641532182693481e-10,1.2619499855607815e-05,1.2830015225316294,0.0013260714692217245,1.2619209547592293e-05,1.2830015225275364,0.0013260714692217243,0.0,True,0.7381402157827159,453
201004.2715585064,201004.2715585064,0.0,3.92529665232254e-05,1.286979761806152,0.0013262544937841716,3.92529665232254e-05,1.286979761806152,0.0013262544937841716,0.0,True,0.7245276380317515,454
201280.3774566923,201280.3774566923,0.0,2.9931767683030713e-05,1.372489433140612,0.0013118820547210364,2.9931767683030713e-05,1.372489433140612,0.0013118820547210364,0.0,True,0.7210200438514759,455
200993.7246619239,200993.7246619239,0.0,-5.6058483171937286e-05,1.149803268944114,0.0013264986240901536,-5.6058483171937286e-05,1.149803268944114,0.0013264986240901536,0.0,True,0.6858629220974887,456
201045.66496567085,201045.66496567088,5.820766091346741e-11,-7.796660542823602e-05,0.7302810225652574,0.0013227828014326644,-7.796717908678514e-05,0.730281022551293,0.0013227828014326648,0.0,True,0.7680784008962175,457
201150.72014570504,201150.72014570504,0.0,6.662029305815382e-05,1.046830031605798,0.001317959216689085,6.661944253582433e-05,1.046830031605798,0.0013179592166890851,0.0,True,0.7523864198878704,458
200891.57754101828,200891.57754101828,0.0,0.0001044027864794552,1.1689842205169954,0.0013319739272113092,0.00010440196574558541,1.1689842205297878,0.0013319739272113088,0.0,True,0.7671768998668916,459
201231.7648388113,201231.7648388113,0.0,-7.07618499703991e-05,1.088565022643893,0.0013137886621024666,-7.076269352909952e-05,1.088565022643893,0.001313788662102467,0.0,True,0.776224240505698,460
201220.1432111826,201220.14321118264,5.820766091346741e-11,-0.0002116823121847981,0.8348321218478619,0.0013138213061050198,-0.00021168315805631822,0.8348321218655159,0.0013138213061050198,0.0,True,0.742594608050682,461
201118.64079307253,201118.64079307253,0.0,-0.00013423661035939918,1.412234339787894,0.0013204877106000555,-0.0001342374545547555,1.4122343397987323,0.0013204877106203234,0.0,True,0.5613699729722602,462
200971.37610390558,200971.37610390564,1.1641532182693481e-10,-7.221876256869332e-06,1.0656820301861665,0.0013274913300731252,-7.222483343118121e-06,1.0656820301861665,0.0013274913300731247,0.0,True,0.7642645628117893,463
201331.2848768845,201331.2848768845,0.0,-3.917544889371253e-05,0.9561911502905796,0.0013082687865883984,-3.917544889371253e-05,0.9561911502905796,0.0013082687865883984,0.0,True,0.7511919975370467,464
201196.26693491876,201196.26693491876,0.0,-0.000175672240684041,1.3424137848306061,0.001316234590669734,-0.00017567308513955884,1.34241378484183,0.001316234590680739,0.0,True,0.7323659902305579,465
201140.49930789392,201140.49930789392,0.0,2.120795987900477e-05,1.3957365132818764,0.0013192959326940078,2.120794945497034e-05,1.3957365132818764,0.0013192959326940074,0.0,True,0.6994021364741535,466
201218.32917698935,201218.32917698935,0.0,0.00010786598339625506,1.1261438461804443,0.0013145805685288873,0.00010786512401156867,1.1261438461804443,0.001314580568544579,0.0,True,0.7280400283393127,467
201001.18388776667,201001.18388776667,0.0,1.7966756013342285e-05,1.2074887325553474,0.0013262355295267003,1.7965923173750035e-05,1.2074887325677628,0.001326235529526701,0.0,True,0.3467960143384509,468
200928.75961664584,200928.75961664584,0.0,-0.00019621189702232993,1.1973765455204624,0.0013300598476641153,-0.0001962127197141658,1.1973765455079932,0.0013300598476502644,0.0,True,0.7315762219181203,469
201128.27339568824,201128.27339568824,0.0,-0.000246149882686956,0.46065294896212844,0.0013178025064925173,-0.0002461507273196195,0.4606529489297049,0.0013178025065852725,0.0,True,0.7593898843104464,470
200847.52774448082,200847.52774448082,0.0,-0.00019328946393147684,1.316852849379544,0.0013346650168927373,-0.0001932894765613504,1.3168528493793688,0.0013346650168925593,0.0,True,0.681432332992063,471
201396.02753974232,201396.02753974232,0.0,1.8189878936037072e-05,1.0056853163702664,0.0013049971404651066,1.8189878936037072e-05,1.0056853163702664,0.0013049971404651066,0.0,True,0.7554467274505682,472
201157.49627184353,201157.49627184353,0.0,-0.00017198188360318986,0.996423512449265,0.001317486875064262,-0.0001719827456621608,0.9964235124643347,0.0013174868750642616,0.0,True,0.7776375099859859,473
201112.8221565936,201112.8221565936,0.0,7.797617100459923e-05,1.1051306774258731,0.001320092093785642,7.797617100459923e-05,1.1051306774258731,0.001320092093785642,0.0,False,0.6882256543532371,474
200809.74231585642,200809.74231585642,0.0,-1.007356375896269e-06,1.2333574335165844,0.0013364903155539446,-1.007356375896269e-06,1.2333574335165844,0.0013364903155539446,0.0,True,0.6374971662990082,475
201202.957329498,201202.957329498,0.0,-0.00015836477416366566,1.2485197224948625,0.0013156682290193411,-0.00015836477416366566,1.2485197224948625,0.0013156682290193411,0.0,True,0.6198275671855952,476
201035.87649698128,201035.8764969813,5.820766091346741e-11,-0.00016147986536005303,1.1231854895408329,0.0013242028202831036,-0.00016148069494573353,1.1231854895408329,0.001324202820283103,0.0,True,0.7678323755304923,477
200991.50887452989,200991.50887452994,1.1641532182693481e-10,-7.470889302223808e-05,1.3924361374896292,0.0013271743147373993,-7.470903691437441e-05,1.3924361374896292,0.0013271743147373989,0.0,True,0.6889564477050604,478
201155.87262047475,201155.87262047475,0.0,-4.3760332339668244e-05,1.0248735794081918,0.001317637447064194,-4.3760915037988944e-05,1.0248735794081918,0.0013176374470381673,0.0,True,0.752265805260665,479
201178.79710332878,201178.79710332878,0.0,-9.906410780668345e-05,1.292219865930045,0.0013170400881794746,-9.906410780668345e-05,1.292219865930045,0.0013170400881794746,0.0,True,0.6922441288430803,480
200965.7747479528,200965.77474795282,5.820766091346741e-11,-7.601043661625243e-05,1.1314838624546988,0.0013279402948794747,-7.60107705828388e-05,1.1314838624493766,0.0013279402948857208,0.0,True,0.7426958604627515,481
201371.9152601483,201371.9152601483,0.0,-7.03744545707366e-06,1.2803692577018633,0.0013068786599007788,-7.03744545707366e-06,1.2803692577018633,0.0013068786599007788,0.0,True,0.6284613719888226,482
201253.8425566968,201253.8425566968,0.0,0.00013815887827587435,1.1384450158021318,0.001312742484453041,0.00013815805053701317,1.1384450158021318,0.001312742484453041,0.0,True,0.6906375916483535,483
201142.7778788032,201142.7778788032,0.0,-8.965077482013971e-05,1.651641637329318,0.0013197608730006211,-8.965138997225697e-05,1.651641637329318,0.001319760873000621,0.0,True,0.7254740812057322,484
201133.3073853331,201133.30738533312,5.820766091346741e-11,-7.070755362914949e-06,1.0966845676920067,0.001318991524922469,-7.071593610287453e-06,1.0966845676920067,0.0013189915249224686,0.0,True,0.7356172560677054,485
201140.54770595714,201140.54770595714,0.0,-3.1967343515168595e-05,1.0802302267016242,0.0013185719632162686,-3.196819610005249e-05,1.0802302267157933,0.0013185719632335636,0.0,True,0.7752676723388082,486
201143.75233976447,201143.75233976453,1.1641532182693481e-10,-0.0001875429771046939,1.3386810761402672,0.0013189938233124131,-0.0001875431358424868,1.3386810761402672,0.0013189938233103395,0.0,True,0.7160320338812164,487
201296.5027609834,201296.50276098342,5.820766091346741e-11,8.876942489359348e-05,1.0781653911965834,0.0013103673561257081,8.876905066641371e-05,1.0781653911965834,0.0013103673561331377,0.0,True,0.6886230253572071,488
201134.8470401116,201134.8470401116,0.0,-0.0005109842052269364,0.8660447152944876,0.001318382887762934,-0.000510984205235617,0.8660447152944876,0.0013183828877629336,0.0,True,0.7045064976274904,489
201097.89126355344,201097.89126355344,0.0,-6.260145211517621e-05,1.1878969690306218,0.0013210702964651215,-6.260204859648679e-05,1.1878969690306218,0.001321070296465121,0.0,True,0.7073023057229889,490
201049.52738366497,201049.527383665,5.820766091346741e-11,-0.00018332764225787208,0.9824277112602312,0.0013231569691542313,-0.00018332849074499232,0.9824277112602312,0.0013231569691750222,0.0,True,0.7649603617609942,491
200941.95544626776,200941.9554462678,5.820766091346741e-11,-0.00046724758780432795,0.7928596826146751,0.0013284257956553626,-0.00046724759508090215,0.7928596826145149,0.0013284257956550933,0.0,True,0.8223146608338042,492
201059.88304327292,201059.88304327294,5.820766091346741e-11,1.8295907932789827e-05,0.9040185229183058,0.0013224291620275725,1.8295044219692907e-05,0.90401852293528,0.0013224291620524027,0.0,True,0.5710502293654984,493
201024.05946456146,201024.05946456146,0.0,6.317657474759187e-05,1.0878575001841844,0.0013247477444524828,6.317598973271594e-05,1.0878575001841844,0.001324747744464405,0.0,True,0.740767269818481,494
201239.59011660842,201239.59011660845,5.820766091346741e-11,-0.00014915967895765366,1.2584611161200687,0.0013137644186711568,-0.00014915967896836872,1.2584611161200685,0.0013137644186711575,0.0,True,0.7316916851972352,495
201156.40910376166,201156.40910376166,0.0,-0.00024732274327178506,1.046148933187032,0.0013176577820274303,-0.00024732356773591907,1.046148933187032,0.0013176577820274307,0.0,True,0.7248312173258211,496
200850.7954751137,200850.79547511376,1.1641532182693481e-10,-0.00021405259139765953,1.205501848373447,0.0013342329960356334,-0.0002140526075639832,1.205501848373447,0.0013342329960353632,0.0,True,0.44516106379396014,497
200972.75722955205,200972.7572295521,1.1641532182693481e-10,-0.00012047239729705931,1.2858480698838277,0.0013279247836329026,-0.00012047239729714979,1.2858480698838277,0.001327924783632903,0.0,True,0.7088548416797994,498
201115.1480048583,201115.1480048583,0.0,8.461109685957775e-06,0.7026037001670279,0.0013190481365137601,8.460269612207704e-06,0.702603700145948,0.0013190481365137603,0.0,True,0.004775736961679714,499
