slice,first_parameter,first_value,second_parameter,second_value,mean_loglik,nobs,nuisance_parameters,relative_mean_loglik
kappa_lambda,kappa,0.005795571772335847,lambda,0.4153254399204202,7.554350647591552,40000,held_at_MOU-UQML_estimate,-0.7311262255640978
kappa_lambda,kappa,0.005795571772335847,lambda,0.500978108986087,7.55980557114094,40000,held_at_MOU-UQML_estimate,-0.7256713020147103
kappa_lambda,kappa,0.005795571772335847,lambda,0.604294949356739,7.565322725449469,40000,held_at_MOU-UQML_estimate,-0.7201541477061815
kappa_lambda,kappa,0.005795571772335847,lambda,0.7289188474864182,7.5709062057057945,40000,held_at_MOU-UQML_estimate,-0.7145706674498555
kappa_lambda,kappa,0.005795571772335847,lambda,0.879243963211196,7.5765605292876,40000,held_at_MOU-UQML_estimate,-0.7089163438680499
kappa_lambda,kappa,0.005795571772335847,lambda,1.0605706650461326,7.582290652323119,40000,held_at_MOU-UQML_estimate,-0.7031862208325315
kappa_lambda,kappa,0.005795571772335847,lambda,1.279292417827172,7.588101956053433,40000,held_at_MOU-UQML_estimate,-0.6973749171022172
kappa_lambda,kappa,0.005795571772335847,lambda,1.543121212238039,7.594000184514353,40000,held_at_MOU-UQML_estimate,-0.6914766886412966
kappa_lambda,kappa,0.005795571772335847,lambda,1.861359484724696,7.599991309583517,40000,held_at_MOU-UQML_estimate,-0.6854855635721329
kappa_lambda,kappa,0.005795571772335847,lambda,2.245228115521578,7.606081290921487,40000,held_at_MOU-UQML_estimate,-0.6793955822341626
kappa_lambda,kappa,0.005795571772335847,lambda,2.7082620697925917,7.612275685148596,40000,held_at_MOU-UQML_estimate,-0.6732011880070541
kappa_lambda,kappa,0.005795571772335847,lambda,3.2667876319432994,7.618579039536991,40000,held_at_MOU-UQML_estimate,-0.6668978336186591
kappa_lambda,kappa,0.005795571772335847,lambda,3.940498060084341,7.6249939800653,40000,held_at_MOU-UQML_estimate,-0.6604828930903501
kappa_lambda,kappa,0.005795571772335847,lambda,4.753147957858425,7.631519872170689,40000,held_at_MOU-UQML_estimate,-0.6539570009849607
kappa_lambda,kappa,0.005795571772335847,lambda,5.733390846742393,7.638150895937661,40000,held_at_MOU-UQML_estimate,-0.6473259772179887
kappa_lambda,kappa,0.005795571772335847,lambda,6.915789471094045,7.644873337473719,40000,held_at_MOU-UQML_estimate,-0.6406035356819313
kappa_lambda,kappa,0.005795571772335847,lambda,8.34203445866076,7.651661857476436,40000,held_at_MOU-UQML_estimate,-0.6338150156792137
kappa_lambda,kappa,0.0069907939844818644,lambda,0.4153254399204202,7.758306356533248,40000,held_at_MOU-UQML_estimate,-0.5271705166224017
kappa_lambda,kappa,0.0069907939844818644,lambda,0.500978108986087,7.763069214783737,40000,held_at_MOU-UQML_estimate,-0.5224076583719128
kappa_lambda,kappa,0.0069907939844818644,lambda,0.604294949356739,7.767837520195062,40000,held_at_MOU-UQML_estimate,-0.5176393529605878
kappa_lambda,kappa,0.0069907939844818644,lambda,0.7289188474864182,7.77260574961816,40000,held_at_MOU-UQML_estimate,-0.5128711235374901
kappa_lambda,kappa,0.0069907939844818644,lambda,0.879243963211196,7.7773669340307094,40000,held_at_MOU-UQML_estimate,-0.5081099391249406
kappa_lambda,kappa,0.0069907939844818644,lambda,1.0605706650461326,7.782112350614925,40000,held_at_MOU-UQML_estimate,-0.5033645225407248
kappa_lambda,kappa,0.0069907939844818644,lambda,1.279292417827172,7.786831150759716,40000,held_at_MOU-UQML_estimate,-0.49864572239593397
kappa_lambda,kappa,0.0069907939844818644,lambda,1.543121212238039,7.791509907558383,40000,held_at_MOU-UQML_estimate,-0.4939669655972674
kappa_lambda,kappa,0.0069907939844818644,lambda,1.861359484724696,7.796132063174509,40000,held_at_MOU-UQML_estimate,-0.4893448099811408
kappa_lambda,kappa,0.0069907939844818644,lambda,2.245228115521578,7.800677253045226,40000,held_at_MOU-UQML_estimate,-0.4847996201104241
kappa_lambda,kappa,0.0069907939844818644,lambda,2.7082620697925917,7.805120479529335,40000,held_at_MOU-UQML_estimate,-0.4803563936263151
kappa_lambda,kappa,0.0069907939844818644,lambda,3.2667876319432994,7.809431101396868,40000,held_at_MOU-UQML_estimate,-0.47604577175878227
kappa_lambda,kappa,0.0069907939844818644,lambda,3.940498060084341,7.81357159676516,40000,held_at_MOU-UQML_estimate,-0.4719052763904896
kappa_lambda,kappa,0.0069907939844818644,lambda,4.753147957858425,7.817496045302949,40000,held_at_MOU-UQML_estimate,-0.4679808278527009
kappa_lambda,kappa,0.0069907939844818644,lambda,5.733390846742393,7.821148260573269,40000,held_at_MOU-UQML_estimate,-0.46432861258238134
kappa_lambda,kappa,0.0069907939844818644,lambda,6.915789471094045,7.824459485033732,40000,held_at_MOU-UQML_estimate,-0.4610173881219177
kappa_lambda,kappa,0.0069907939844818644,lambda,8.34203445866076,7.827345537825425,40000,held_at_MOU-UQML_estimate,-0.45813133533022476
kappa_lambda,kappa,0.008432507171552252,lambda,0.4153254399204202,7.916272602531334,40000,held_at_MOU-UQML_estimate,-0.3692042706243157
kappa_lambda,kappa,0.008432507171552252,lambda,0.500978108986087,7.920609000720705,40000,held_at_MOU-UQML_estimate,-0.364867872434945
kappa_lambda,kappa,0.008432507171552252,lambda,0.604294949356739,7.924927392725917,40000,held_at_MOU-UQML_estimate,-0.3605494804297331
kappa_lambda,kappa,0.008432507171552252,lambda,0.7289188474864182,7.929218922191235,40000,held_at_MOU-UQML_estimate,-0.35625795096441504
kappa_lambda,kappa,0.008432507171552252,lambda,0.879243963211196,7.933472744655823,40000,held_at_MOU-UQML_estimate,-0.35200412849982676
kappa_lambda,kappa,0.008432507171552252,lambda,1.0605706650461326,7.937675592850268,40000,held_at_MOU-UQML_estimate,-0.34780128030538204
kappa_lambda,kappa,0.008432507171552252,lambda,1.279292417827172,7.941811252744778,40000,held_at_MOU-UQML_estimate,-0.3436656204108717
kappa_lambda,kappa,0.008432507171552252,lambda,1.543121212238039,7.945859932328666,40000,held_at_MOU-UQML_estimate,-0.3396169408269838
kappa_lambda,kappa,0.008432507171552252,lambda,1.861359484724696,7.949797501053034,40000,held_at_MOU-UQML_estimate,-0.3356793721026161
kappa_lambda,kappa,0.008432507171552252,lambda,2.245228115521578,7.953594573275337,40000,held_at_MOU-UQML_estimate,-0.3318822998803128
kappa_lambda,kappa,0.008432507171552252,lambda,2.7082620697925917,7.957215403879841,40000,held_at_MOU-UQML_estimate,-0.3282614692758088
kappa_lambda,kappa,0.008432507171552252,lambda,3.2667876319432994,7.96061655823955,40000,held_at_MOU-UQML_estimate,-0.32486031491610046
kappa_lambda,kappa,0.008432507171552252,lambda,3.940498060084341,7.963745311360737,40000,held_at_MOU-UQML_estimate,-0.32173156179491347
kappa_lambda,kappa,0.008432507171552252,lambda,4.753147957858425,7.966537721904383,40000,held_at_MOU-UQML_estimate,-0.31893915125126693
kappa_lambda,kappa,0.008432507171552252,lambda,5.733390846742393,7.968916315445098,40000,held_at_MOU-UQML_estimate,-0.31656055771055236
kappa_lambda,kappa,0.008432507171552252,lambda,6.915789471094045,7.9707872976459635,40000,held_at_MOU-UQML_estimate,-0.31468957550968657
kappa_lambda,kappa,0.008432507171552252,lambda,8.34203445866076,7.9720372019369865,40000,held_at_MOU-UQML_estimate,-0.31343967121866356
kappa_lambda,kappa,0.010171545228785682,lambda,0.4153254399204202,8.034924108625345,40000,held_at_MOU-UQML_estimate,-0.25055276453030473
kappa_lambda,kappa,0.010171545228785682,lambda,0.500978108986087,8.038920064376741,40000,held_at_MOU-UQML_estimate,-0.24655680877890873
kappa_lambda,kappa,0.010171545228785682,lambda,0.604294949356739,8.042892871866373,40000,held_at_MOU-UQML_estimate,-0.24258400128927704
kappa_lambda,kappa,0.010171545228785682,lambda,0.7289188474864182,8.046831301307046,40000,held_at_MOU-UQML_estimate,-0.23864557184860402
kappa_lambda,kappa,0.010171545228785682,lambda,0.879243963211196,8.05072198547652,40000,held_at_MOU-UQML_estimate,-0.23475488767913077
kappa_lambda,kappa,0.010171545228785682,lambda,1.0605706650461326,8.054548932242453,40000,held_at_MOU-UQML_estimate,-0.23092794091319746
kappa_lambda,kappa,0.010171545228785682,lambda,1.279292417827172,8.05829294278522,40000,held_at_MOU-UQML_estimate,-0.22718393037042972
kappa_lambda,kappa,0.010171545228785682,lambda,1.543121212238039,8.061930914084266,40000,held_at_MOU-UQML_estimate,-0.22354595907138375
kappa_lambda,kappa,0.010171545228785682,lambda,1.861359484724696,8.065435000324857,40000,held_at_MOU-UQML_estimate,-0.22004187283079268
kappa_lambda,kappa,0.010171545228785682,lambda,2.245228115521578,8.068771603181485,40000,held_at_MOU-UQML_estimate,-0.21670526997416495
kappa_lambda,kappa,0.010171545228785682,lambda,2.7082620697925917,8.07190015523343,40000,held_at_MOU-UQML_estimate,-0.21357671792221922
kappa_lambda,kappa,0.010171545228785682,lambda,3.2667876319432994,8.074771653913169,40000,held_at_MOU-UQML_estimate,-0.21070521924248098
kappa_lambda,kappa,0.010171545228785682,lambda,3.940498060084341,8.077326895226829,40000,held_at_MOU-UQML_estimate,-0.20814997792882117
kappa_lambda,kappa,0.010171545228785682,lambda,4.753147957858425,8.079494346794027,40000,held_at_MOU-UQML_estimate,-0.20598252636162329
kappa_lambda,kappa,0.010171545228785682,lambda,5.733390846742393,8.08118758821523,40000,held_at_MOU-UQML_estimate,-0.20428928494042076
kappa_lambda,kappa,0.010171545228785682,lambda,6.915789471094045,8.082302233023242,40000,held_at_MOU-UQML_estimate,-0.20317464013240816
kappa_lambda,kappa,0.010171545228785682,lambda,8.34203445866076,8.082712230176998,40000,held_at_MOU-UQML_estimate,-0.20276464297865182
kappa_lambda,kappa,0.012269225538314938,lambda,0.4153254399204202,8.122047271334875,40000,held_at_MOU-UQML_estimate,-0.16342960182077526
kappa_lambda,kappa,0.012269225538314938,lambda,0.500978108986087,8.12547742434114,40000,held_at_MOU-UQML_estimate,-0.15999944881451
kappa_lambda,kappa,0.012269225538314938,lambda,0.604294949356739,8.128923819693092,40000,held_at_MOU-UQML_estimate,-0.15655305346255766
kappa_lambda,kappa,0.012269225538314938,lambda,0.7289188474864182,8.13236886992822,40000,held_at_MOU-UQML_estimate,-0.15310800322743034
kappa_lambda,kappa,0.012269225538314938,lambda,0.879243963211196,8.135793240343753,40000,held_at_MOU-UQML_estimate,-0.14968363281189667
kappa_lambda,kappa,0.012269225538314938,lambda,1.0605706650461326,8.13917536707869,40000,held_at_MOU-UQML_estimate,-0.14630150607695924
kappa_lambda,kappa,0.012269225538314938,lambda,1.279292417827172,8.142490843151613,40000,held_at_MOU-UQML_estimate,-0.1429860300040371
kappa_lambda,kappa,0.012269225538314938,lambda,1.543121212238039,8.14571166094766,40000,held_at_MOU-UQML_estimate,-0.13976521220799043
kappa_lambda,kappa,0.012269225538314938,lambda,1.861359484724696,8.148805293898295,40000,held_at_MOU-UQML_estimate,-0.13667157925735474
kappa_lambda,kappa,0.012269225538314938,lambda,2.245228115521578,8.151733593376035,40000,held_at_MOU-UQML_estimate,-0.13374327977961542
kappa_lambda,kappa,0.012269225538314938,lambda,2.7082620697925917,8.154451469156353,40000,held_at_MOU-UQML_estimate,-0.1310254039992973
kappa_lambda,kappa,0.012269225538314938,lambda,3.2667876319432994,8.156905313030721,40000,held_at_MOU-UQML_estimate,-0.12857156012492865
kappa_lambda,kappa,0.012269225538314938,lambda,3.940498060084341,8.159031115047828,40000,held_at_MOU-UQML_estimate,-0.12644575810782221
kappa_lambda,kappa,0.012269225538314938,lambda,4.753147957858425,8.160752210160727,40000,held_at_MOU-UQML_estimate,-0.12472466299492346
kappa_lambda,kappa,0.012269225538314938,lambda,5.733390846742393,8.161976579523449,40000,held_at_MOU-UQML_estimate,-0.12350029363220116
kappa_lambda,kappa,0.012269225538314938,lambda,6.915789471094045,8.162593615053451,40000,held_at_MOU-UQML_estimate,-0.12288325810219902
kappa_lambda,kappa,0.012269225538314938,lambda,8.34203445866076,8.1624702378352,40000,held_at_MOU-UQML_estimate,-0.12300663532045064
kappa_lambda,kappa,0.014799510981283895,lambda,0.4153254399204202,8.18881828348027,40000,held_at_MOU-UQML_estimate,-0.09665858967538021
kappa_lambda,kappa,0.014799510981283895,lambda,0.500978108986087,8.190980743060168,40000,held_at_MOU-UQML_estimate,-0.0944961300954823
kappa_lambda,kappa,0.014799510981283895,lambda,0.604294949356739,8.193216544697098,40000,held_at_MOU-UQML_estimate,-0.09226032845855237
kappa_lambda,kappa,0.014799510981283895,lambda,0.7289188474864182,8.195515541408046,40000,held_at_MOU-UQML_estimate,-0.08996133174760423
kappa_lambda,kappa,0.014799510981283895,lambda,0.879243963211196,8.197863169327576,40000,held_at_MOU-UQML_estimate,-0.08761370382807421
kappa_lambda,kappa,0.014799510981283895,lambda,1.0605706650461326,8.200240015456417,40000,held_at_MOU-UQML_estimate,-0.08523685769923262
kappa_lambda,kappa,0.014799510981283895,lambda,1.279292417827172,8.20262140501026,40000,held_at_MOU-UQML_estimate,-0.08285546814538947
kappa_lambda,kappa,0.014799510981283895,lambda,1.543121212238039,8.204976959047256,40000,held_at_MOU-UQML_estimate,-0.08049991410839397
kappa_lambda,kappa,0.014799510981283895,lambda,1.861359484724696,8.207270058670145,40000,held_at_MOU-UQML_estimate,-0.0782068144855046
kappa_lambda,kappa,0.014799510981283895,lambda,2.245228115521578,8.209457144600938,40000,held_at_MOU-UQML_estimate,-0.07601972855471217
kappa_lambda,kappa,0.014799510981283895,lambda,2.7082620697925917,8.2114867792801,40000,held_at_MOU-UQML_estimate,-0.07399009387554933
kappa_lambda,kappa,0.014799510981283895,lambda,3.2667876319432994,8.213298400241746,40000,held_at_MOU-UQML_estimate,-0.07217847291390456
kappa_lambda,kappa,0.014799510981283895,lambda,3.940498060084341,8.214820695260732,40000,held_at_MOU-UQML_estimate,-0.07065617789491796
kappa_lambda,kappa,0.014799510981283895,lambda,4.753147957858425,8.215969528978027,40000,held_at_MOU-UQML_estimate,-0.06950734417762305
kappa_lambda,kappa,0.014799510981283895,lambda,5.733390846742393,8.216645345594435,40000,held_at_MOU-UQML_estimate,-0.06883152756121547
kappa_lambda,kappa,0.014799510981283895,lambda,6.915789471094045,8.216729961896245,40000,held_at_MOU-UQML_estimate,-0.0687469112594048
kappa_lambda,kappa,0.014799510981283895,lambda,8.34203445866076,8.21608264911647,40000,held_at_MOU-UQML_estimate,-0.06939422403918094
kappa_lambda,kappa,0.017851617822262616,lambda,0.4153254399204202,8.239580729218552,40000,held_at_MOU-UQML_estimate,-0.04589614393709773
kappa_lambda,kappa,0.017851617822262616,lambda,0.500978108986087,8.240822854676642,40000,held_at_MOU-UQML_estimate,-0.04465401847900807
kappa_lambda,kappa,0.017851617822262616,lambda,0.604294949356739,8.242069954407192,40000,held_at_MOU-UQML_estimate,-0.04340691874845781
kappa_lambda,kappa,0.017851617822262616,lambda,0.7289188474864182,8.24331794568442,40000,held_at_MOU-UQML_estimate,-0.04215892747122929
kappa_lambda,kappa,0.017851617822262616,lambda,0.879243963211196,8.244560794507688,40000,held_at_MOU-UQML_estimate,-0.040916078647962095
kappa_lambda,kappa,0.017851617822262616,lambda,1.0605706650461326,8.245789835005086,40000,held_at_MOU-UQML_estimate,-0.03968703815056429
kappa_lambda,kappa,0.017851617822262616,lambda,1.279292417827172,8.246992915340222,40000,held_at_MOU-UQML_estimate,-0.03848395781542813
kappa_lambda,kappa,0.017851617822262616,lambda,1.543121212238039,8.248153351565925,40000,held_at_MOU-UQML_estimate,-0.03732352158972496
kappa_lambda,kappa,0.017851617822262616,lambda,1.861359484724696,8.249248676693744,40000,held_at_MOU-UQML_estimate,-0.03622819646190578
kappa_lambda,kappa,0.017851617822262616,lambda,2.245228115521578,8.250249178263518,40000,held_at_MOU-UQML_estimate,-0.03522769489213218
kappa_lambda,kappa,0.017851617822262616,lambda,2.7082620697925917,8.251116221332166,40000,held_at_MOU-UQML_estimate,-0.03436065182348358
kappa_lambda,kappa,0.017851617822262616,lambda,3.2667876319432994,8.251800351905338,40000,held_at_MOU-UQML_estimate,-0.033676521250312064
kappa_lambda,kappa,0.017851617822262616,lambda,3.940498060084341,8.252239165589057,40000,held_at_MOU-UQML_estimate,-0.0332377075665935
kappa_lambda,kappa,0.017851617822262616,lambda,4.753147957858425,8.252354906251957,40000,held_at_MOU-UQML_estimate,-0.03312196690369262
kappa_lambda,kappa,0.017851617822262616,lambda,5.733390846742393,8.25205173057788,40000,held_at_MOU-UQML_estimate,-0.03342514257776941
kappa_lambda,kappa,0.017851617822262616,lambda,6.915789471094045,8.251212539506687,40000,held_at_MOU-UQML_estimate,-0.034264333648962975
kappa_lambda,kappa,0.017851617822262616,lambda,8.34203445866076,8.249695240772507,40000,held_at_MOU-UQML_estimate,-0.03578163238314325
kappa_lambda,kappa,0.02153316141831586,lambda,0.4153254399204202,8.270252878735285,40000,held_at_MOU-UQML_estimate,-0.015223994420365372
kappa_lambda,kappa,0.02153316141831586,lambda,0.500978108986087,8.271171515722694,40000,held_at_MOU-UQML_estimate,-0.014305357432956356
kappa_lambda,kappa,0.02153316141831586,lambda,0.604294949356739,8.272055922619764,40000,held_at_MOU-UQML_estimate,-0.013420950535886433
kappa_lambda,kappa,0.02153316141831586,lambda,0.7289188474864182,8.272897172773066,40000,held_at_MOU-UQML_estimate,-0.012579700382584491
kappa_lambda,kappa,0.02153316141831586,lambda,0.879243963211196,8.27368434157033,40000,held_at_MOU-UQML_estimate,-0.011792531585319566
kappa_lambda,kappa,0.02153316141831586,lambda,1.0605706650461326,8.27440404530262,40000,held_at_MOU-UQML_estimate,-0.01107282785302921
kappa_lambda,kappa,0.02153316141831586,lambda,1.279292417827172,8.275039871846927,40000,held_at_MOU-UQML_estimate,-0.010437001308723381
kappa_lambda,kappa,0.02153316141831586,lambda,1.543121212238039,8.2755716768085,40000,held_at_MOU-UQML_estimate,-0.009905196347149925
kappa_lambda,kappa,0.02153316141831586,lambda,1.861359484724696,8.275974712382729,40000,held_at_MOU-UQML_estimate,-0.009502160772921542
kappa_lambda,kappa,0.02153316141831586,lambda,2.245228115521578,8.276218548723337,40000,held_at_MOU-UQML_estimate,-0.009258324432313003
kappa_lambda,kappa,0.02153316141831586,lambda,2.7082620697925917,8.27626573921526,40000,held_at_MOU-UQML_estimate,-0.00921113394038997
kappa_lambda,kappa,0.02153316141831586,lambda,3.2667876319432994,8.276070172088867,40000,held_at_MOU-UQML_estimate,-0.00940670106678354
kappa_lambda,kappa,0.02153316141831586,lambda,3.940498060084341,8.275575041743142,40000,held_at_MOU-UQML_estimate,-0.009901831412507889
kappa_lambda,kappa,0.02153316141831586,lambda,4.753147957858425,8.274710364442596,40000,held_at_MOU-UQML_estimate,-0.01076650871305418
kappa_lambda,kappa,0.02153316141831586,lambda,5.733390846742393,8.273389954984104,40000,held_at_MOU-UQML_estimate,-0.012086918171545946
kappa_lambda,kappa,0.02153316141831586,lambda,6.915789471094045,8.271507773248244,40000,held_at_MOU-UQML_estimate,-0.013969099907406246
kappa_lambda,kappa,0.02153316141831586,lambda,8.34203445866076,8.268933541151451,40000,held_at_MOU-UQML_estimate,-0.016543332004198774
kappa_lambda,kappa,0.025973950668437377,lambda,0.4153254399204202,8.281421751242098,40000,held_at_MOU-UQML_estimate,-0.004055121913552284
kappa_lambda,kappa,0.025973950668437377,lambda,0.500978108986087,8.282184219986677,40000,held_at_MOU-UQML_estimate,-0.003292653168973203
kappa_lambda,kappa,0.025973950668437377,lambda,0.604294949356739,8.282903340114267,40000,held_at_MOU-UQML_estimate,-0.0025735330413834134
kappa_lambda,kappa,0.025973950668437377,lambda,0.7289188474864182,8.283567619496521,40000,held_at_MOU-UQML_estimate,-0.0019092536591287512
kappa_lambda,kappa,0.025973950668437377,lambda,0.879243963211196,8.284163325659048,40000,held_at_MOU-UQML_estimate,-0.0013135474966023963
kappa_lambda,kappa,0.025973950668437377,lambda,1.0605706650461326,8.284673995254938,40000,held_at_MOU-UQML_estimate,-0.0008028779007123177
kappa_lambda,kappa,0.025973950668437377,lambda,1.279292417827172,8.285079842297156,40000,held_at_MOU-UQML_estimate,-0.000397030858493963
kappa_lambda,kappa,0.025973950668437377,lambda,1.543121212238039,8.285357043363403,40000,held_at_MOU-UQML_estimate,-0.00011982979224711698
kappa_lambda,kappa,0.025973950668437377,lambda,1.861359484724696,8.28547687315565,40000,held_at_MOU-UQML_estimate,0.0
kappa_lambda,kappa,0.025973950668437377,lambda,2.245228115521578,8.285404657986986,40000,held_at_MOU-UQML_estimate,-7.221516866451339e-05
kappa_lambda,kappa,0.025973950668437377,lambda,2.7082620697925917,8.285098507754691,40000,held_at_MOU-UQML_estimate,-0.0003783654009588133
kappa_lambda,kappa,0.025973950668437377,lambda,3.2667876319432994,8.284507778472136,40000,held_at_MOU-UQML_estimate,-0.0009690946835139158
kappa_lambda,kappa,0.025973950668437377,lambda,3.940498060084341,8.283571207158966,40000,held_at_MOU-UQML_estimate,-0.0019056659966842915
kappa_lambda,kappa,0.025973950668437377,lambda,4.753147957858425,8.282214648472364,40000,held_at_MOU-UQML_estimate,-0.0032622246832865187
kappa_lambda,kappa,0.025973950668437377,lambda,5.733390846742393,8.280348327519548,40000,held_at_MOU-UQML_estimate,-0.005128545636102544
kappa_lambda,kappa,0.025973950668437377,lambda,6.915789471094045,8.277863505451283,40000,held_at_MOU-UQML_estimate,-0.007613367704367491
kappa_lambda,kappa,0.025973950668437377,lambda,8.34203445866076,8.274628433392618,40000,held_at_MOU-UQML_estimate,-0.010848439763032403
kappa_lambda,kappa,0.03133056499323746,lambda,0.4153254399204202,8.276349267127323,40000,held_at_MOU-UQML_estimate,-0.009127606028327406
kappa_lambda,kappa,0.03133056499323746,lambda,0.500978108986087,8.27691158686027,40000,held_at_MOU-UQML_estimate,-0.008565286295379337
kappa_lambda,kappa,0.03133056499323746,lambda,0.604294949356739,8.27743882090145,40000,held_at_MOU-UQML_estimate,-0.008038052254200068
kappa_lambda,kappa,0.03133056499323746,lambda,0.7289188474864182,8.277918158724848,40000,held_at_MOU-UQML_estimate,-0.007558714430802027
kappa_lambda,kappa,0.03133056499323746,lambda,0.879243963211196,8.278334255896178,40000,held_at_MOU-UQML_estimate,-0.007142617259471962
kappa_lambda,kappa,0.03133056499323746,lambda,1.0605706650461326,8.278668784301546,40000,held_at_MOU-UQML_estimate,-0.006808088854104
kappa_lambda,kappa,0.03133056499323746,lambda,1.279292417827172,8.278899869561734,40000,held_at_MOU-UQML_estimate,-0.006577003593916331
kappa_lambda,kappa,0.03133056499323746,lambda,1.543121212238039,8.279001392231814,40000,held_at_MOU-UQML_estimate,-0.006475480923835875
kappa_lambda,kappa,0.03133056499323746,lambda,1.861359484724696,8.278942126504363,40000,held_at_MOU-UQML_estimate,-0.006534746651286838
kappa_lambda,kappa,0.03133056499323746,lambda,2.245228115521578,8.278684685905258,40000,held_at_MOU-UQML_estimate,-0.00679218725039199
kappa_lambda,kappa,0.03133056499323746,lambda,2.7082620697925917,8.278184239652704,40000,held_at_MOU-UQML_estimate,-0.007292633502945733
kappa_lambda,kappa,0.03133056499323746,lambda,3.2667876319432994,8.277386955760976,40000,held_at_MOU-UQML_estimate,-0.008089917394674018
kappa_lambda,kappa,0.03133056499323746,lambda,3.940498060084341,8.276228117433766,40000,held_at_MOU-UQML_estimate,-0.00924875572188455
kappa_lambda,kappa,0.03133056499323746,lambda,4.753147957858425,8.274629847595165,40000,held_at_MOU-UQML_estimate,-0.010847025560485335
kappa_lambda,kappa,0.03133056499323746,lambda,5.733390846742393,8.272498362270765,40000,held_at_MOU-UQML_estimate,-0.012978510884884997
kappa_lambda,kappa,0.03133056499323746,lambda,6.915789471094045,8.26972065659521,40000,held_at_MOU-UQML_estimate,-0.01575621656044035
kappa_lambda,kappa,0.03133056499323746,lambda,8.34203445866076,8.266160507032907,40000,held_at_MOU-UQML_estimate,-0.01931636612274268
kappa_lambda,kappa,0.03779187522629308,lambda,0.4153254399204202,8.25843292347751,40000,held_at_MOU-UQML_estimate,-0.02704394967813961
kappa_lambda,kappa,0.03779187522629308,lambda,0.500978108986087,8.258762773562829,40000,held_at_MOU-UQML_estimate,-0.026714099592821228
kappa_lambda,kappa,0.03779187522629308,lambda,0.604294949356739,8.259053272196928,40000,held_at_MOU-UQML_estimate,-0.026423600958722204
kappa_lambda,kappa,0.03779187522629308,lambda,0.7289188474864182,8.259293791007229,40000,held_at_MOU-UQML_estimate,-0.026183082148421022
kappa_lambda,kappa,0.03779187522629308,lambda,0.879243963211196,8.259471081774505,40000,held_at_MOU-UQML_estimate,-0.026005791381145116
kappa_lambda,kappa,0.03779187522629308,lambda,1.0605706650461326,8.259568699599697,40000,held_at_MOU-UQML_estimate,-0.025908173555952985
kappa_lambda,kappa,0.03779187522629308,lambda,1.279292417827172,8.259566326616646,40000,held_at_MOU-UQML_estimate,-0.02591054653900393
kappa_lambda,kappa,0.03779187522629308,lambda,1.543121212238039,8.259438981193759,40000,held_at_MOU-UQML_estimate,-0.026037891961891546
kappa_lambda,kappa,0.03779187522629308,lambda,1.861359484724696,8.259156091844934,40000,held_at_MOU-UQML_estimate,-0.026320781310715802
kappa_lambda,kappa,0.03779187522629308,lambda,2.245228115521578,8.258680407233731,40000,held_at_MOU-UQML_estimate,-0.026796465921918866
kappa_lambda,kappa,0.03779187522629308,lambda,2.7082620697925917,8.25796670403192,40000,held_at_MOU-UQML_estimate,-0.02751016912372961
kappa_lambda,kappa,0.03779187522629308,lambda,3.2667876319432994,8.25696024350841,40000,held_at_MOU-UQML_estimate,-0.028516629647240777
kappa_lambda,kappa,0.03779187522629308,lambda,3.940498060084341,8.255594916034358,40000,held_at_MOU-UQML_estimate,-0.029881957121292047
kappa_lambda,kappa,0.03779187522629308,lambda,4.753147957858425,8.253791000340694,40000,held_at_MOU-UQML_estimate,-0.03168587281495583
kappa_lambda,kappa,0.03779187522629308,lambda,5.733390846742393,8.25145245106317,40000,held_at_MOU-UQML_estimate,-0.03402442209248058
kappa_lambda,kappa,0.03779187522629308,lambda,6.915789471094045,8.248463613163583,40000,held_at_MOU-UQML_estimate,-0.03701325999206695
kappa_lambda,kappa,0.03779187522629308,lambda,8.34203445866076,8.244685244275596,40000,held_at_MOU-UQML_estimate,-0.040791628880054276
kappa_lambda,kappa,0.04558570308029808,lambda,0.4153254399204202,8.229072698512365,40000,held_at_MOU-UQML_estimate,-0.05640417464328529
kappa_lambda,kappa,0.04558570308029808,lambda,0.500978108986087,8.229282667683007,40000,held_at_MOU-UQML_estimate,-0.05619420547264298
kappa_lambda,kappa,0.04558570308029808,lambda,0.604294949356739,8.229443043644741,40000,held_at_MOU-UQML_estimate,-0.05603382951090907
kappa_lambda,kappa,0.04558570308029808,lambda,0.7289188474864182,8.229542543072835,40000,held_at_MOU-UQML_estimate,-0.05593433008281501
kappa_lambda,kappa,0.04558570308029808,lambda,0.879243963211196,8.22956750060494,40000,held_at_MOU-UQML_estimate,-0.055909372550710046
kappa_lambda,kappa,0.04558570308029808,lambda,1.0605706650461326,8.22950134868589,40000,held_at_MOU-UQML_estimate,-0.055975524469760174
kappa_lambda,kappa,0.04558570308029808,lambda,1.279292417827172,8.229323985110918,40000,held_at_MOU-UQML_estimate,-0.05615288804473195
kappa_lambda,kappa,0.04558570308029808,lambda,1.543121212238039,8.229011004475838,40000,held_at_MOU-UQML_estimate,-0.05646586867981185
kappa_lambda,kappa,0.04558570308029808,lambda,1.861359484724696,8.228532765354204,40000,held_at_MOU-UQML_estimate,-0.056944107801445654
kappa_lambda,kappa,0.04558570308029808,lambda,2.245228115521578,8.227853260100133,40000,held_at_MOU-UQML_estimate,-0.057623613055517
kappa_lambda,kappa,0.04558570308029808,lambda,2.7082620697925917,8.226928748646063,40000,held_at_MOU-UQML_estimate,-0.058548124509586685
kappa_lambda,kappa,0.04558570308029808,lambda,3.2667876319432994,8.225706111321516,40000,held_at_MOU-UQML_estimate,-0.05977076183413388
kappa_lambda,kappa,0.04558570308029808,lambda,3.940498060084341,8.224120868156314,40000,held_at_MOU-UQML_estimate,-0.06135600499933602
kappa_lambda,kappa,0.04558570308029808,lambda,4.753147957858425,8.222094802707257,40000,held_at_MOU-UQML_estimate,-0.06338207044839272
kappa_lambda,kappa,0.04558570308029808,lambda,5.733390846742393,8.219533116320028,40000,held_at_MOU-UQML_estimate,-0.06594375683562248
kappa_lambda,kappa,0.04558570308029808,lambda,6.915789471094045,8.216321022996867,40000,held_at_MOU-UQML_estimate,-0.06915585015878278
kappa_lambda,kappa,0.04558570308029808,lambda,8.34203445866076,8.212319674890095,40000,held_at_MOU-UQML_estimate,-0.07315719826555522
kappa_lambda,kappa,0.054986853996578725,lambda,0.4153254399204202,8.189524228581728,40000,held_at_MOU-UQML_estimate,-0.09595264457392183
kappa_lambda,kappa,0.054986853996578725,lambda,0.500978108986087,8.189655277169884,40000,held_at_MOU-UQML_estimate,-0.09582159598576645
kappa_lambda,kappa,0.054986853996578725,lambda,0.604294949356739,8.18973565557581,40000,held_at_MOU-UQML_estimate,-0.09574121757984067
kappa_lambda,kappa,0.054986853996578725,lambda,0.7289188474864182,8.189753149432882,40000,held_at_MOU-UQML_estimate,-0.09572372372276838
kappa_lambda,kappa,0.054986853996578725,lambda,0.879243963211196,8.18969309180275,40000,held_at_MOU-UQML_estimate,-0.09578378135289967
kappa_lambda,kappa,0.054986853996578725,lambda,1.0605706650461326,8.189537864466995,40000,held_at_MOU-UQML_estimate,-0.09593900868865468
kappa_lambda,kappa,0.054986853996578725,lambda,1.279292417827172,8.189266289324967,40000,held_at_MOU-UQML_estimate,-0.0962105838306826
kappa_lambda,kappa,0.054986853996578725,lambda,1.543121212238039,8.188852887770322,40000,held_at_MOU-UQML_estimate,-0.09662398538532813
kappa_lambda,kappa,0.054986853996578725,lambda,1.861359484724696,8.188266981455712,40000,held_at_MOU-UQML_estimate,-0.09720989169993821
kappa_lambda,kappa,0.054986853996578725,lambda,2.245228115521578,8.187471602303942,40000,held_at_MOU-UQML_estimate,-0.09800527085170785
kappa_lambda,kappa,0.054986853996578725,lambda,2.7082620697925917,8.186422172843486,40000,held_at_MOU-UQML_estimate,-0.09905470031216446
kappa_lambda,kappa,0.054986853996578725,lambda,3.2667876319432994,8.185064909775738,40000,held_at_MOU-UQML_estimate,-0.1004119633799121
kappa_lambda,kappa,0.054986853996578725,lambda,3.940498060084341,8.18333489393043,40000,held_at_MOU-UQML_estimate,-0.10214197922521961
kappa_lambda,kappa,0.054986853996578725,lambda,4.753147957858425,8.181153738207144,40000,held_at_MOU-UQML_estimate,-0.10432313494850654
kappa_lambda,kappa,0.054986853996578725,lambda,5.733390846742393,8.178426771471774,40000,held_at_MOU-UQML_estimate,-0.10705010168387652
kappa_lambda,kappa,0.054986853996578725,lambda,6.915789471094045,8.175039640372576,40000,held_at_MOU-UQML_estimate,-0.11043723278307382
kappa_lambda,kappa,0.054986853996578725,lambda,8.34203445866076,8.170854212299552,40000,held_at_MOU-UQML_estimate,-0.11462266085609762
kappa_lambda,kappa,0.0663268066111682,lambda,0.4153254399204202,8.141520071320238,40000,held_at_MOU-UQML_estimate,-0.1439568018354116
kappa_lambda,kappa,0.0663268066111682,lambda,0.500978108986087,8.141565845977066,40000,held_at_MOU-UQML_estimate,-0.14391102717858395
kappa_lambda,kappa,0.0663268066111682,lambda,0.604294949356739,8.141560540892725,40000,held_at_MOU-UQML_estimate,-0.14391633226292555
kappa_lambda,kappa,0.0663268066111682,lambda,0.7289188474864182,8.141492365913681,40000,held_at_MOU-UQML_estimate,-0.14398450724196898
kappa_lambda,kappa,0.0663268066111682,lambda,0.879243963211196,8.141346963252712,40000,held_at_MOU-UQML_estimate,-0.14412990990293828
kappa_lambda,kappa,0.0663268066111682,lambda,1.0605706650461326,8.141106876937329,40000,held_at_MOU-UQML_estimate,-0.14436999621832136
kappa_lambda,kappa,0.0663268066111682,lambda,1.279292417827172,8.140750921493856,40000,held_at_MOU-UQML_estimate,-0.14472595166179403
kappa_lambda,kappa,0.0663268066111682,lambda,1.543121212238039,8.1402534290444,40000,held_at_MOU-UQML_estimate,-0.14522344411125054
kappa_lambda,kappa,0.0663268066111682,lambda,1.861359484724696,8.139583348501708,40000,held_at_MOU-UQML_estimate,-0.14589352465394256
kappa_lambda,kappa,0.0663268066111682,lambda,2.245228115521578,8.138703164108914,40000,held_at_MOU-UQML_estimate,-0.1467737090467356
kappa_lambda,kappa,0.0663268066111682,lambda,2.7082620697925917,8.13756759322097,40000,held_at_MOU-UQML_estimate,-0.14790927993468017
kappa_lambda,kappa,0.0663268066111682,lambda,3.2667876319432994,8.13612201488683,40000,held_at_MOU-UQML_estimate,-0.14935485826882022
kappa_lambda,kappa,0.0663268066111682,lambda,3.940498060084341,8.134300571236551,40000,held_at_MOU-UQML_estimate,-0.15117630191909903
kappa_lambda,kappa,0.0663268066111682,lambda,4.753147957858425,8.132023872527183,40000,held_at_MOU-UQML_estimate,-0.1534530006284669
kappa_lambda,kappa,0.0663268066111682,lambda,5.733390846742393,8.129196223464898,40000,held_at_MOU-UQML_estimate,-0.15628064969075162
kappa_lambda,kappa,0.0663268066111682,lambda,6.915789471094045,8.125702272546066,40000,held_at_MOU-UQML_estimate,-0.15977460060958393
kappa_lambda,kappa,0.0663268066111682,lambda,8.34203445866076,8.121402967073577,40000,held_at_MOU-UQML_estimate,-0.1640739060820735
kappa_lambda,kappa,0.08000540048188656,lambda,0.4153254399204202,8.086365541672562,40000,held_at_MOU-UQML_estimate,-0.19911133148308835
kappa_lambda,kappa,0.08000540048188656,lambda,0.500978108986087,8.086350598857639,40000,held_at_MOU-UQML_estimate,-0.19912627429801155
kappa_lambda,kappa,0.08000540048188656,lambda,0.604294949356739,8.086282209110653,40000,held_at_MOU-UQML_estimate,-0.19919466404499708
kappa_lambda,kappa,0.08000540048188656,lambda,0.7289188474864182,8.086148373080393,40000,held_at_MOU-UQML_estimate,-0.19932850007525715
kappa_lambda,kappa,0.08000540048188656,lambda,0.879243963211196,8.085934628478459,40000,held_at_MOU-UQML_estimate,-0.1995422446771915
kappa_lambda,kappa,0.08000540048188656,lambda,1.0605706650461326,8.085623528427112,40000,held_at_MOU-UQML_estimate,-0.19985334472853822
kappa_lambda,kappa,0.08000540048188656,lambda,1.279292417827172,8.085194009764,40000,held_at_MOU-UQML_estimate,-0.20028286339164936
kappa_lambda,kappa,0.08000540048188656,lambda,1.543121212238039,8.084620629018413,40000,held_at_MOU-UQML_estimate,-0.20085624413723657
kappa_lambda,kappa,0.08000540048188656,lambda,1.861359484724696,8.083872639518049,40000,held_at_MOU-UQML_estimate,-0.20160423363760138
kappa_lambda,kappa,0.08000540048188656,lambda,2.245228115521578,8.082912878088601,40000,held_at_MOU-UQML_estimate,-0.2025639950670488
kappa_lambda,kappa,0.08000540048188656,lambda,2.7082620697925917,8.081696423843336,40000,held_at_MOU-UQML_estimate,-0.20378044931231365
kappa_lambda,kappa,0.08000540048188656,lambda,3.2667876319432994,8.080168984306072,40000,held_at_MOU-UQML_estimate,-0.2053078888495783
kappa_lambda,kappa,0.08000540048188656,lambda,3.940498060084341,8.07826495516223,40000,held_at_MOU-UQML_estimate,-0.20721191799342087
kappa_lambda,kappa,0.08000540048188656,lambda,4.753147957858425,8.075905088828257,40000,held_at_MOU-UQML_estimate,-0.20957178432739276
kappa_lambda,kappa,0.08000540048188656,lambda,5.733390846742393,8.07299369330341,40000,held_at_MOU-UQML_estimate,-0.2124831798522404
kappa_lambda,kappa,0.08000540048188656,lambda,6.915789471094045,8.069415265994587,40000,held_at_MOU-UQML_estimate,-0.2160616071610626
kappa_lambda,kappa,0.08000540048188656,lambda,8.34203445866076,8.06503044701958,40000,held_at_MOU-UQML_estimate,-0.22044642613606946
kappa_lambda,kappa,0.09650493417829148,lambda,0.4153254399204202,8.025157400343483,40000,held_at_MOU-UQML_estimate,-0.26031947281216716
kappa_lambda,kappa,0.09650493417829148,lambda,0.500978108986087,8.025085130979738,40000,held_at_MOU-UQML_estimate,-0.2603917421759121
kappa_lambda,kappa,0.09650493417829148,lambda,0.604294949356739,8.024959808050657,40000,held_at_MOU-UQML_estimate,-0.2605170651049935
kappa_lambda,kappa,0.09650493417829148,lambda,0.7289188474864182,8.024769350348526,40000,held_at_MOU-UQML_estimate,-0.26070752280712384
kappa_lambda,kappa,0.09650493417829148,lambda,0.879243963211196,8.024499127419023,40000,held_at_MOU-UQML_estimate,-0.2609777457366267
kappa_lambda,kappa,0.09650493417829148,lambda,1.0605706650461326,8.024131451777636,40000,held_at_MOU-UQML_estimate,-0.26134542137801375
kappa_lambda,kappa,0.09650493417829148,lambda,1.279292417827172,8.02364496610677,40000,held_at_MOU-UQML_estimate,-0.2618319070488795
kappa_lambda,kappa,0.09650493417829148,lambda,1.543121212238039,8.02301390210144,40000,held_at_MOU-UQML_estimate,-0.26246297105421057
kappa_lambda,kappa,0.09650493417829148,lambda,1.861359484724696,8.022207183213741,40000,held_at_MOU-UQML_estimate,-0.26326968994190914
kappa_lambda,kappa,0.09650493417829148,lambda,2.245228115521578,8.021187338329913,40000,held_at_MOU-UQML_estimate,-0.26428953482573725
kappa_lambda,kappa,0.09650493417829148,lambda,2.7082620697925917,8.019909187131422,40000,held_at_MOU-UQML_estimate,-0.2655676860242284
kappa_lambda,kappa,0.09650493417829148,lambda,3.2667876319432994,8.01831825026686,40000,held_at_MOU-UQML_estimate,-0.26715862288878967
kappa_lambda,kappa,0.09650493417829148,lambda,3.940498060084341,8.016348828224626,40000,held_at_MOU-UQML_estimate,-0.2691280449310245
kappa_lambda,kappa,0.09650493417829148,lambda,4.753147957858425,8.01392168168062,40000,held_at_MOU-UQML_estimate,-0.2715551914750307
kappa_lambda,kappa,0.09650493417829148,lambda,5.733390846742393,8.010941232814714,40000,held_at_MOU-UQML_estimate,-0.274535640340936
kappa_lambda,kappa,0.09650493417829148,lambda,6.915789471094045,8.007292191304975,40000,held_at_MOU-UQML_estimate,-0.278184681850675
kappa_lambda,kappa,0.09650493417829148,lambda,8.34203445866076,8.002835489991723,40000,held_at_MOU-UQML_estimate,-0.2826413831639272
kappa_lambda,kappa,0.11640717082423586,lambda,0.4153254399204202,7.9588742635030085,40000,held_at_MOU-UQML_estimate,-0.32660260965264154
kappa_lambda,kappa,0.11640717082423586,lambda,0.500978108986087,7.958757602429617,40000,held_at_MOU-UQML_estimate,-0.32671927072603335
kappa_lambda,kappa,0.11640717082423586,lambda,0.604294949356739,7.958585711851623,40000,held_at_MOU-UQML_estimate,-0.32689116130402684
kappa_lambda,kappa,0.11640717082423586,lambda,0.7289188474864182,7.958346734696242,40000,held_at_MOU-UQML_estimate,-0.32713013845940786
kappa_lambda,kappa,0.11640717082423586,lambda,0.879243963211196,7.958026317816394,40000,held_at_MOU-UQML_estimate,-0.32745055533925616
kappa_lambda,kappa,0.11640717082423586,lambda,1.0605706650461326,7.9576070841490685,40000,held_at_MOU-UQML_estimate,-0.3278697890065816
kappa_lambda,kappa,0.11640717082423586,lambda,1.279292417827172,7.9570679967554385,40000,held_at_MOU-UQML_estimate,-0.32840887640021155
kappa_lambda,kappa,0.11640717082423586,lambda,1.543121212238039,7.956383593821616,40000,held_at_MOU-UQML_estimate,-0.3290932793340344
kappa_lambda,kappa,0.11640717082423586,lambda,1.861359484724696,7.955523069433608,40000,held_at_MOU-UQML_estimate,-0.3299538037220424
kappa_lambda,kappa,0.11640717082423586,lambda,2.245228115521578,7.954449169578723,40000,held_at_MOU-UQML_estimate,-0.3310277035769271
kappa_lambda,kappa,0.11640717082423586,lambda,2.7082620697925917,7.953116866136879,40000,held_at_MOU-UQML_estimate,-0.3323600070187709
kappa_lambda,kappa,0.11640717082423586,lambda,3.2667876319432994,7.951471763401059,40000,held_at_MOU-UQML_estimate,-0.33400510975459063
kappa_lambda,kappa,0.11640717082423586,lambda,3.940498060084341,7.949448181724899,40000,held_at_MOU-UQML_estimate,-0.33602869143075065
kappa_lambda,kappa,0.11640717082423586,lambda,4.753147957858425,7.946966851058866,40000,held_at_MOU-UQML_estimate,-0.33851002209678427
kappa_lambda,kappa,0.11640717082423586,lambda,5.733390846742393,7.943932133186932,40000,held_at_MOU-UQML_estimate,-0.34154473996871815
kappa_lambda,kappa,0.11640717082423586,lambda,6.915789471094045,7.940228675110268,40000,held_at_MOU-UQML_estimate,-0.34524819804538165
kappa_lambda,kappa,0.11640717082423586,lambda,8.34203445866076,7.935717376830494,40000,held_at_MOU-UQML_estimate,-0.3497594963251558
tau_lambda,tau,0.0009461932936718456,lambda,0.4153254399204202,6.569304118363954,40000,held_at_MOU-UQML_estimate,-1.716172754791696
tau_lambda,tau,0.0009461932936718456,lambda,0.500978108986087,6.619115073348537,40000,held_at_MOU-UQML_estimate,-1.6663617998071132
tau_lambda,tau,0.0009461932936718456,lambda,0.604294949356739,6.669040039276147,40000,held_at_MOU-UQML_estimate,-1.6164368338795034
tau_lambda,tau,0.0009461932936718456,lambda,0.7289188474864182,6.719070603110946,40000,held_at_MOU-UQML_estimate,-1.5664062700447037
tau_lambda,tau,0.0009461932936718456,lambda,0.879243963211196,6.769195407593285,40000,held_at_MOU-UQML_estimate,-1.5162814655623649
tau_lambda,tau,0.0009461932936718456,lambda,1.0605706650461326,6.819400014970728,40000,held_at_MOU-UQML_estimate,-1.4660768581849224
tau_lambda,tau,0.0009461932936718456,lambda,1.279292417827172,6.869666742466026,40000,held_at_MOU-UQML_estimate,-1.415810130689624
tau_lambda,tau,0.0009461932936718456,lambda,1.543121212238039,6.919974409467404,40000,held_at_MOU-UQML_estimate,-1.3655024636882462
tau_lambda,tau,0.0009461932936718456,lambda,1.861359484724696,6.970297931505015,40000,held_at_MOU-UQML_estimate,-1.3151789416506352
tau_lambda,tau,0.0009461932936718456,lambda,2.245228115521578,7.020607694735282,40000,held_at_MOU-UQML_estimate,-1.2648691784203683
tau_lambda,tau,0.0009461932936718456,lambda,2.7082620697925917,7.07086864552302,40000,held_at_MOU-UQML_estimate,-1.2146082276326302
tau_lambda,tau,0.0009461932936718456,lambda,3.2667876319432994,7.121039031671065,40000,held_at_MOU-UQML_estimate,-1.1644378414845855
tau_lambda,tau,0.0009461932936718456,lambda,3.940498060084341,7.171068734283336,40000,held_at_MOU-UQML_estimate,-1.1144081388723137
tau_lambda,tau,0.0009461932936718456,lambda,4.753147957858425,7.220897131922707,40000,held_at_MOU-UQML_estimate,-1.0645797412329427
tau_lambda,tau,0.0009461932936718456,lambda,5.733390846742393,7.270450441348785,40000,held_at_MOU-UQML_estimate,-1.0150264318068647
tau_lambda,tau,0.0009461932936718456,lambda,6.915789471094045,7.319638480788263,40000,held_at_MOU-UQML_estimate,-0.9658383923673872
tau_lambda,tau,0.0009461932936718456,lambda,8.34203445866076,7.368350800464783,40000,held_at_MOU-UQML_estimate,-0.9171260726908672
tau_lambda,tau,0.0011413269726262495,lambda,0.4153254399204202,6.692495449171215,40000,held_at_MOU-UQML_estimate,-1.592981423984435
tau_lambda,tau,0.0011413269726262495,lambda,0.500978108986087,6.739468340400665,40000,held_at_MOU-UQML_estimate,-1.5460085327549855
tau_lambda,tau,0.0011413269726262495,lambda,0.604294949356739,6.7865162159039985,40000,held_at_MOU-UQML_estimate,-1.4989606572516516
tau_lambda,tau,0.0011413269726262495,lambda,0.7289188474864182,6.833632648067753,40000,held_at_MOU-UQML_estimate,-1.4518442250878971
tau_lambda,tau,0.0011413269726262495,lambda,0.879243963211196,6.880808800331126,40000,held_at_MOU-UQML_estimate,-1.4046680728245242
tau_lambda,tau,0.0011413269726262495,lambda,1.0605706650461326,6.92803292743225,40000,held_at_MOU-UQML_estimate,-1.3574439457234
tau_lambda,tau,0.0011413269726262495,lambda,1.279292417827172,6.975289861782339,40000,held_at_MOU-UQML_estimate,-1.3101870113733112
tau_lambda,tau,0.0011413269726262495,lambda,1.543121212238039,7.022560463717528,40000,held_at_MOU-UQML_estimate,-1.2629164094381222
tau_lambda,tau,0.0011413269726262495,lambda,1.861359484724696,7.069820996075056,40000,held_at_MOU-UQML_estimate,-1.2156558770805939
tau_lambda,tau,0.0011413269726262495,lambda,2.245228115521578,7.1170423682768105,40000,held_at_MOU-UQML_estimate,-1.1684345048788396
tau_lambda,tau,0.0011413269726262495,lambda,2.7082620697925917,7.164189183683881,40000,held_at_MOU-UQML_estimate,-1.1212876894717692
tau_lambda,tau,0.0011413269726262495,lambda,3.2667876319432994,7.211218517100874,40000,held_at_MOU-UQML_estimate,-1.0742583560547763
tau_lambda,tau,0.0011413269726262495,lambda,3.940498060084341,7.2580783466021765,40000,held_at_MOU-UQML_estimate,-1.0273985265534735
tau_lambda,tau,0.0011413269726262495,lambda,4.753147957858425,7.304705564226369,40000,held_at_MOU-UQML_estimate,-0.9807713089292811
tau_lambda,tau,0.0011413269726262495,lambda,5.733390846742393,7.351023491966215,40000,held_at_MOU-UQML_estimate,-0.9344533811894351
tau_lambda,tau,0.0011413269726262495,lambda,6.915789471094045,7.396938830894069,40000,held_at_MOU-UQML_estimate,-0.8885380422615814
tau_lambda,tau,0.0011413269726262495,lambda,8.34203445866076,7.442337969758865,40000,held_at_MOU-UQML_estimate,-0.8431389033967847
tau_lambda,tau,0.001376703118861854,lambda,0.4153254399204202,6.7700095240035445,40000,held_at_MOU-UQML_estimate,-1.5154673491521056
tau_lambda,tau,0.001376703118861854,lambda,0.500978108986087,6.813600193629798,40000,held_at_MOU-UQML_estimate,-1.4718766795258524
tau_lambda,tau,0.001376703118861854,lambda,0.604294949356739,6.857411657544095,40000,held_at_MOU-UQML_estimate,-1.4280652156115554
tau_lambda,tau,0.001376703118861854,lambda,0.7289188474864182,6.90140956017786,40000,held_at_MOU-UQML_estimate,-1.3840673129777903
tau_lambda,tau,0.001376703118861854,lambda,0.879243963211196,6.9455615949812435,40000,held_at_MOU-UQML_estimate,-1.3399152781744066
tau_lambda,tau,0.001376703118861854,lambda,1.0605706650461326,6.989836507340593,40000,held_at_MOU-UQML_estimate,-1.295640365815057
tau_lambda,tau,0.001376703118861854,lambda,1.279292417827172,7.034203020007351,40000,held_at_MOU-UQML_estimate,-1.251273853148299
tau_lambda,tau,0.001376703118861854,lambda,1.543121212238039,7.078628671189782,40000,held_at_MOU-UQML_estimate,-1.206848201965868
tau_lambda,tau,0.001376703118861854,lambda,1.861359484724696,7.123078557196911,40000,held_at_MOU-UQML_estimate,-1.1623983159587388
tau_lambda,tau,0.001376703118861854,lambda,2.245228115521578,7.167513969190605,40000,held_at_MOU-UQML_estimate,-1.1179629039650454
tau_lambda,tau,0.001376703118861854,lambda,2.7082620697925917,7.211890905773712,40000,held_at_MOU-UQML_estimate,-1.0735859673819377
tau_lambda,tau,0.001376703118861854,lambda,3.2667876319432994,7.256158429626061,40000,held_at_MOU-UQML_estimate,-1.029318443529589
tau_lambda,tau,0.001376703118861854,lambda,3.940498060084341,7.300256818361809,40000,held_at_MOU-UQML_estimate,-0.9852200547938414
tau_lambda,tau,0.001376703118861854,lambda,4.753147957858425,7.344115439445608,40000,held_at_MOU-UQML_estimate,-0.9413614337100418
tau_lambda,tau,0.001376703118861854,lambda,5.733390846742393,7.387650258945256,40000,held_at_MOU-UQML_estimate,-0.8978266142103939
tau_lambda,tau,0.001376703118861854,lambda,6.915789471094045,7.430760876172726,40000,held_at_MOU-UQML_estimate,-0.8547159969829243
tau_lambda,tau,0.001376703118861854,lambda,8.34203445866076,7.473326961708661,40000,held_at_MOU-UQML_estimate,-0.8121499114469888
tau_lambda,tau,0.0016606209464433762,lambda,0.4153254399204202,7.039082515402307,40000,held_at_MOU-UQML_estimate,-1.246394357753343
tau_lambda,tau,0.0016606209464433762,lambda,0.500978108986087,7.056586649875179,40000,held_at_MOU-UQML_estimate,-1.2288902232804713
tau_lambda,tau,0.0016606209464433762,lambda,0.604294949356739,7.075570100589204,40000,held_at_MOU-UQML_estimate,-1.2099067725664456
tau_lambda,tau,0.0016606209464433762,lambda,0.7289188474864182,7.096111549805588,40000,held_at_MOU-UQML_estimate,-1.1893653233500618
tau_lambda,tau,0.0016606209464433762,lambda,0.879243963211196,7.118267216478101,40000,held_at_MOU-UQML_estimate,-1.1672096566775494
tau_lambda,tau,0.0016606209464433762,lambda,1.0605706650461326,7.142066341232596,40000,held_at_MOU-UQML_estimate,-1.1434105319230543
tau_lambda,tau,0.0016606209464433762,lambda,1.279292417827172,7.167507977006804,40000,held_at_MOU-UQML_estimate,-1.117968896148846
tau_lambda,tau,0.0016606209464433762,lambda,1.543121212238039,7.194559416690105,40000,held_at_MOU-UQML_estimate,-1.0909174564655455
tau_lambda,tau,0.0016606209464433762,lambda,1.861359484724696,7.223156349065811,40000,held_at_MOU-UQML_estimate,-1.0623205240898388
tau_lambda,tau,0.0016606209464433762,lambda,2.245228115521578,7.253204569357094,40000,held_at_MOU-UQML_estimate,-1.032272303798556
tau_lambda,tau,0.0016606209464433762,lambda,2.7082620697925917,7.284582840924737,40000,held_at_MOU-UQML_estimate,-1.0008940322309128
tau_lambda,tau,0.0016606209464433762,lambda,3.2667876319432994,7.317146357392271,40000,held_at_MOU-UQML_estimate,-0.9683305157633795
tau_lambda,tau,0.0016606209464433762,lambda,3.940498060084341,7.350730209689942,40000,held_at_MOU-UQML_estimate,-0.9347466634657078
tau_lambda,tau,0.0016606209464433762,lambda,4.753147957858425,7.385152310531827,40000,held_at_MOU-UQML_estimate,-0.9003245626238234
tau_lambda,tau,0.0016606209464433762,lambda,5.733390846742393,7.420215338670304,40000,held_at_MOU-UQML_estimate,-0.865261534485346
tau_lambda,tau,0.0016606209464433762,lambda,6.915789471094045,7.4557073981506194,40000,held_at_MOU-UQML_estimate,-0.8297694750050306
tau_lambda,tau,0.0016606209464433762,lambda,8.34203445866076,7.491401209595407,40000,held_at_MOU-UQML_estimate,-0.7940756635602435
tau_lambda,tau,0.0020030912184220984,lambda,0.4153254399204202,7.562236146132586,40000,held_at_MOU-UQML_estimate,-0.7232407270230636
tau_lambda,tau,0.0020030912184220984,lambda,0.500978108986087,7.568209543622796,40000,held_at_MOU-UQML_estimate,-0.717267329532854
tau_lambda,tau,0.0020030912184220984,lambda,0.604294949356739,7.574319746559284,40000,held_at_MOU-UQML_estimate,-0.7111571265963663
tau_lambda,tau,0.0020030912184220984,lambda,0.7289188474864182,7.580584148395554,40000,held_at_MOU-UQML_estimate,-0.7048927247600965
tau_lambda,tau,0.0020030912184220984,lambda,0.879243963211196,7.587022807279725,40000,held_at_MOU-UQML_estimate,-0.6984540658759251
tau_lambda,tau,0.0020030912184220984,lambda,1.0605706650461326,7.593658718462282,40000,held_at_MOU-UQML_estimate,-0.6918181546933679
tau_lambda,tau,0.0020030912184220984,lambda,1.279292417827172,7.600518042850259,40000,held_at_MOU-UQML_estimate,-0.6849588303053915
tau_lambda,tau,0.0020030912184220984,lambda,1.543121212238039,7.607630250351547,40000,held_at_MOU-UQML_estimate,-0.6778466228041031
tau_lambda,tau,0.0020030912184220984,lambda,1.861359484724696,7.61502811672274,40000,held_at_MOU-UQML_estimate,-0.6704487564329105
tau_lambda,tau,0.0020030912184220984,lambda,2.245228115521578,7.622747487220919,40000,held_at_MOU-UQML_estimate,-0.662729385934731
tau_lambda,tau,0.0020030912184220984,lambda,2.7082620697925917,7.630826690466527,40000,held_at_MOU-UQML_estimate,-0.6546501826891227
tau_lambda,tau,0.0020030912184220984,lambda,3.2667876319432994,7.639305453456853,40000,held_at_MOU-UQML_estimate,-0.6461714196987973
tau_lambda,tau,0.0020030912184220984,lambda,3.940498060084341,7.64822313661605,40000,held_at_MOU-UQML_estimate,-0.6372537365396003
tau_lambda,tau,0.0020030912184220984,lambda,4.753147957858425,7.657616080602338,40000,held_at_MOU-UQML_estimate,-0.627860792553312
tau_lambda,tau,0.0020030912184220984,lambda,5.733390846742393,7.6675138407166346,40000,held_at_MOU-UQML_estimate,-0.6179630324390155
tau_lambda,tau,0.0020030912184220984,lambda,6.915789471094045,7.677934088465995,40000,held_at_MOU-UQML_estimate,-0.6075427846896551
tau_lambda,tau,0.0020030912184220984,lambda,8.34203445866076,7.688875992083687,40000,held_at_MOU-UQML_estimate,-0.5966008810719634
tau_lambda,tau,0.002416189220010264,lambda,0.4153254399204202,7.921286054252563,40000,held_at_MOU-UQML_estimate,-0.36419081890308735
tau_lambda,tau,0.002416189220010264,lambda,0.500978108986087,7.925740437258777,40000,held_at_MOU-UQML_estimate,-0.3597364358968731
tau_lambda,tau,0.002416189220010264,lambda,0.604294949356739,7.930188463921882,40000,held_at_MOU-UQML_estimate,-0.3552884092337685
tau_lambda,tau,0.002416189220010264,lambda,0.7289188474864182,7.934623078709346,40000,held_at_MOU-UQML_estimate,-0.35085379444630416
tau_lambda,tau,0.002416189220010264,lambda,0.879243963211196,7.93903554541083,40000,held_at_MOU-UQML_estimate,-0.34644132774482017
tau_lambda,tau,0.002416189220010264,lambda,1.0605706650461326,7.943415073328722,40000,held_at_MOU-UQML_estimate,-0.3420617998269284
tau_lambda,tau,0.002416189220010264,lambda,1.279292417827172,7.947748366300054,40000,held_at_MOU-UQML_estimate,-0.33772850685559597
tau_lambda,tau,0.002416189220010264,lambda,1.543121212238039,7.952019078451244,40000,held_at_MOU-UQML_estimate,-0.3334577947044064
tau_lambda,tau,0.002416189220010264,lambda,1.861359484724696,7.956207157445816,40000,held_at_MOU-UQML_estimate,-0.32926971570983365
tau_lambda,tau,0.002416189220010264,lambda,2.245228115521578,7.960288052131886,40000,held_at_MOU-UQML_estimate,-0.32518882102376434
tau_lambda,tau,0.002416189220010264,lambda,2.7082620697925917,7.964231756513647,40000,held_at_MOU-UQML_estimate,-0.32124511664200295
tau_lambda,tau,0.002416189220010264,lambda,3.2667876319432994,7.968001655520436,40000,held_at_MOU-UQML_estimate,-0.3174752176352138
tau_lambda,tau,0.002416189220010264,lambda,3.940498060084341,7.971553129945979,40000,held_at_MOU-UQML_estimate,-0.31392374320967065
tau_lambda,tau,0.002416189220010264,lambda,4.753147957858425,7.974831868087774,40000,held_at_MOU-UQML_estimate,-0.31064500506787596
tau_lambda,tau,0.002416189220010264,lambda,5.733390846742393,7.9777718198517995,40000,held_at_MOU-UQML_estimate,-0.30770505330385056
tau_lambda,tau,0.002416189220010264,lambda,6.915789471094045,7.980292714956467,40000,held_at_MOU-UQML_estimate,-0.3051841581991832
tau_lambda,tau,0.002416189220010264,lambda,8.34203445866076,7.982297049610811,40000,held_at_MOU-UQML_estimate,-0.30317982354483863
tau_lambda,tau,0.002914480525501266,lambda,0.4153254399204202,8.125149496012984,40000,held_at_MOU-UQML_estimate,-0.1603273771426661
tau_lambda,tau,0.002914480525501266,lambda,0.500978108986087,8.12869777099729,40000,held_at_MOU-UQML_estimate,-0.15677910215836022
tau_lambda,tau,0.002914480525501266,lambda,0.604294949356739,8.132253963573024,40000,held_at_MOU-UQML_estimate,-0.15322290958262563
tau_lambda,tau,0.002914480525501266,lambda,0.7289188474864182,8.13580219906781,40000,held_at_MOU-UQML_estimate,-0.14967467408784074
tau_lambda,tau,0.002914480525501266,lambda,0.879243963211196,8.139324899936788,40000,held_at_MOU-UQML_estimate,-0.14615197321886164
tau_lambda,tau,0.002914480525501266,lambda,1.0605706650461326,8.142802269945342,40000,held_at_MOU-UQML_estimate,-0.1426746032103079
tau_lambda,tau,0.002914480525501266,lambda,1.279292417827172,8.146211667169085,40000,held_at_MOU-UQML_estimate,-0.13926520598656467
tau_lambda,tau,0.002914480525501266,lambda,1.543121212238039,8.149526851664957,40000,held_at_MOU-UQML_estimate,-0.13595002149069302
tau_lambda,tau,0.002914480525501266,lambda,1.861359484724696,8.152717087912393,40000,held_at_MOU-UQML_estimate,-0.13275978524325716
tau_lambda,tau,0.002914480525501266,lambda,2.245228115521578,8.155746075748393,40000,held_at_MOU-UQML_estimate,-0.12973079740725701
tau_lambda,tau,0.002914480525501266,lambda,2.7082620697925917,8.158570676354707,40000,held_at_MOU-UQML_estimate,-0.1269061968009435
tau_lambda,tau,0.002914480525501266,lambda,3.2667876319432994,8.161139391695423,40000,held_at_MOU-UQML_estimate,-0.12433748146022694
tau_lambda,tau,0.002914480525501266,lambda,3.940498060084341,8.163390546447069,40000,held_at_MOU-UQML_estimate,-0.12208632670858144
tau_lambda,tau,0.002914480525501266,lambda,4.753147957858425,8.165250110702749,40000,held_at_MOU-UQML_estimate,-0.12022676245290143
tau_lambda,tau,0.002914480525501266,lambda,5.733390846742393,8.166629089318246,40000,held_at_MOU-UQML_estimate,-0.11884778383740446
tau_lambda,tau,0.002914480525501266,lambda,6.915789471094045,8.167420389394456,40000,held_at_MOU-UQML_estimate,-0.11805648376119393
tau_lambda,tau,0.002914480525501266,lambda,8.34203445866076,8.167495060716268,40000,held_at_MOU-UQML_estimate,-0.11798181243938188
tau_lambda,tau,0.0035155345712079827,lambda,0.4153254399204202,8.239582241790126,40000,held_at_MOU-UQML_estimate,-0.045894631365523963
tau_lambda,tau,0.0035155345712079827,lambda,0.500978108986087,8.240882371331448,40000,held_at_MOU-UQML_estimate,-0.04459450182420177
tau_lambda,tau,0.0035155345712079827,lambda,0.604294949356739,8.242195383352946,40000,held_at_MOU-UQML_estimate,-0.04328148980270363
tau_lambda,tau,0.0035155345712079827,lambda,0.7289188474864182,8.243517744171951,40000,held_at_MOU-UQML_estimate,-0.04195912898369869
tau_lambda,tau,0.0035155345712079827,lambda,0.879243963211196,8.244843821367539,40000,held_at_MOU-UQML_estimate,-0.040633051788111274
tau_lambda,tau,0.0035155345712079827,lambda,1.0605706650461326,8.246165144568161,40000,held_at_MOU-UQML_estimate,-0.03931172858748866
tau_lambda,tau,0.0035155345712079827,lambda,1.279292417827172,8.247469496937613,40000,held_at_MOU-UQML_estimate,-0.038007376218036626
tau_lambda,tau,0.0035155345712079827,lambda,1.543121212238039,8.24873982858002,40000,held_at_MOU-UQML_estimate,-0.03673704457563076
tau_lambda,tau,0.0035155345712079827,lambda,1.861359484724696,8.249952989959306,40000,held_at_MOU-UQML_estimate,-0.03552388319634403
tau_lambda,tau,0.0035155345712079827,lambda,2.245228115521578,8.25107828823696,40000,held_at_MOU-UQML_estimate,-0.034398584918690744
tau_lambda,tau,0.0035155345712079827,lambda,2.7082620697925917,8.252075869087918,40000,held_at_MOU-UQML_estimate,-0.03340100406773239
tau_lambda,tau,0.0035155345712079827,lambda,3.2667876319432994,8.252894918261553,40000,held_at_MOU-UQML_estimate,-0.032581954894096654
tau_lambda,tau,0.0035155345712079827,lambda,3.940498060084341,8.253471659501269,40000,held_at_MOU-UQML_estimate,-0.03200521365438114
tau_lambda,tau,0.0035155345712079827,lambda,4.753147957858425,8.253727099183557,40000,held_at_MOU-UQML_estimate,-0.03174977397209311
tau_lambda,tau,0.0035155345712079827,lambda,5.733390846742393,8.253564436100158,40000,held_at_MOU-UQML_estimate,-0.031912437055492404
tau_lambda,tau,0.0035155345712079827,lambda,6.915789471094045,8.252866021268629,40000,held_at_MOU-UQML_estimate,-0.0326108518870214
tau_lambda,tau,0.0035155345712079827,lambda,8.34203445866076,8.251489721220246,40000,held_at_MOU-UQML_estimate,-0.03398715193540447
tau_lambda,tau,0.0042405441426762855,lambda,0.4153254399204202,8.281421751242098,40000,held_at_MOU-UQML_estimate,-0.004055121913552284
tau_lambda,tau,0.0042405441426762855,lambda,0.500978108986087,8.282184219986677,40000,held_at_MOU-UQML_estimate,-0.003292653168973203
tau_lambda,tau,0.0042405441426762855,lambda,0.604294949356739,8.282903340114267,40000,held_at_MOU-UQML_estimate,-0.0025735330413834134
tau_lambda,tau,0.0042405441426762855,lambda,0.7289188474864182,8.283567619496521,40000,held_at_MOU-UQML_estimate,-0.0019092536591287512
tau_lambda,tau,0.0042405441426762855,lambda,0.879243963211196,8.284163325659048,40000,held_at_MOU-UQML_estimate,-0.0013135474966023963
tau_lambda,tau,0.0042405441426762855,lambda,1.0605706650461326,8.284673995254938,40000,held_at_MOU-UQML_estimate,-0.0008028779007123177
tau_lambda,tau,0.0042405441426762855,lambda,1.279292417827172,8.285079842297156,40000,held_at_MOU-UQML_estimate,-0.000397030858493963
tau_lambda,tau,0.0042405441426762855,lambda,1.543121212238039,8.285357043363403,40000,held_at_MOU-UQML_estimate,-0.00011982979224711698
tau_lambda,tau,0.0042405441426762855,lambda,1.861359484724696,8.28547687315565,40000,held_at_MOU-UQML_estimate,0.0
tau_lambda,tau,0.0042405441426762855,lambda,2.245228115521578,8.285404657986986,40000,held_at_MOU-UQML_estimate,-7.221516866451339e-05
tau_lambda,tau,0.0042405441426762855,lambda,2.7082620697925917,8.285098507754691,40000,held_at_MOU-UQML_estimate,-0.0003783654009588133
tau_lambda,tau,0.0042405441426762855,lambda,3.2667876319432994,8.284507778472136,40000,held_at_MOU-UQML_estimate,-0.0009690946835139158
tau_lambda,tau,0.0042405441426762855,lambda,3.940498060084341,8.283571207158966,40000,held_at_MOU-UQML_estimate,-0.0019056659966842915
tau_lambda,tau,0.0042405441426762855,lambda,4.753147957858425,8.282214648472364,40000,held_at_MOU-UQML_estimate,-0.0032622246832865187
tau_lambda,tau,0.0042405441426762855,lambda,5.733390846742393,8.280348327519548,40000,held_at_MOU-UQML_estimate,-0.005128545636102544
tau_lambda,tau,0.0042405441426762855,lambda,6.915789471094045,8.277863505451283,40000,held_at_MOU-UQML_estimate,-0.007613367704367491
tau_lambda,tau,0.0042405441426762855,lambda,8.34203445866076,8.274628433392618,40000,held_at_MOU-UQML_estimate,-0.010848439763032403
tau_lambda,tau,0.0051150726189010945,lambda,0.4153254399204202,8.25864151714505,40000,held_at_MOU-UQML_estimate,-0.02683535601060072
tau_lambda,tau,0.0051150726189010945,lambda,0.500978108986087,8.258955210962553,40000,held_at_MOU-UQML_estimate,-0.026521662193097484
tau_lambda,tau,0.0051150726189010945,lambda,0.604294949356739,8.259227803242744,40000,held_at_MOU-UQML_estimate,-0.026249069912905654
tau_lambda,tau,0.0051150726189010945,lambda,0.7289188474864182,8.259448688427396,40000,held_at_MOU-UQML_estimate,-0.02602818472825419
tau_lambda,tau,0.0051150726189010945,lambda,0.879243963211196,8.259604680175356,40000,held_at_MOU-UQML_estimate,-0.02587219298029453
tau_lambda,tau,0.0051150726189010945,lambda,1.0605706650461326,8.259679429274861,40000,held_at_MOU-UQML_estimate,-0.025797443880788862
tau_lambda,tau,0.0051150726189010945,lambda,1.279292417827172,8.259652735045037,40000,held_at_MOU-UQML_estimate,-0.025824138110612793
tau_lambda,tau,0.0051150726189010945,lambda,1.543121212238039,8.259499735056217,40000,held_at_MOU-UQML_estimate,-0.02597713809943336
tau_lambda,tau,0.0051150726189010945,lambda,1.861359484724696,8.259189953533632,40000,held_at_MOU-UQML_estimate,-0.026286919622018345
tau_lambda,tau,0.0051150726189010945,lambda,2.245228115521578,8.258686182073472,40000,held_at_MOU-UQML_estimate,-0.026790691082178242
tau_lambda,tau,0.0051150726189010945,lambda,2.7082620697925917,8.257943157260133,40000,held_at_MOU-UQML_estimate,-0.02753371589551712
tau_lambda,tau,0.0051150726189010945,lambda,3.2667876319432994,8.256905988739055,40000,held_at_MOU-UQML_estimate,-0.028570884416595277
tau_lambda,tau,0.0051150726189010945,lambda,3.940498060084341,8.255508278760152,40000,held_at_MOU-UQML_estimate,-0.02996859439549837
tau_lambda,tau,0.0051150726189010945,lambda,4.753147957858425,8.25366986056365,40000,held_at_MOU-UQML_estimate,-0.031807012592000916
tau_lambda,tau,0.0051150726189010945,lambda,5.733390846742393,8.251294068301542,40000,held_at_MOU-UQML_estimate,-0.034182804854108184
tau_lambda,tau,0.0051150726189010945,lambda,6.915789471094045,8.248264435093642,40000,held_at_MOU-UQML_estimate,-0.037212438062008246
tau_lambda,tau,0.0051150726189010945,lambda,8.34203445866076,8.244440697521979,40000,held_at_MOU-UQML_estimate,-0.041036175633671235
tau_lambda,tau,0.006169955320903496,lambda,0.4153254399204202,8.189895940453676,40000,held_at_MOU-UQML_estimate,-0.09558093270197432
tau_lambda,tau,0.006169955320903496,lambda,0.500978108986087,8.190012314779342,40000,held_at_MOU-UQML_estimate,-0.09546455837630852
tau_lambda,tau,0.006169955320903496,lambda,0.604294949356739,8.190077848391283,40000,held_at_MOU-UQML_estimate,-0.09539902476436701
tau_lambda,tau,0.006169955320903496,lambda,0.7289188474864182,8.190080150857176,40000,held_at_MOU-UQML_estimate,-0.0953967222984744
tau_lambda,tau,0.006169955320903496,lambda,0.879243963211196,8.190004304335964,40000,held_at_MOU-UQML_estimate,-0.09547256881968558
tau_lambda,tau,0.006169955320903496,lambda,1.0605706650461326,8.189832362335341,40000,held_at_MOU-UQML_estimate,-0.09564451082030878
tau_lambda,tau,0.006169955320903496,lambda,1.279292417827172,8.18954273856919,40000,held_at_MOU-UQML_estimate,-0.09593413458646083
tau_lambda,tau,0.006169955320903496,lambda,1.543121212238039,8.18910946332082,40000,held_at_MOU-UQML_estimate,-0.09636740983482994
tau_lambda,tau,0.006169955320903496,lambda,1.861359484724696,8.188501280499718,40000,held_at_MOU-UQML_estimate,-0.09697559265593192
tau_lambda,tau,0.006169955320903496,lambda,2.245228115521578,8.18768055319631,40000,held_at_MOU-UQML_estimate,-0.09779631995933968
tau_lambda,tau,0.006169955320903496,lambda,2.7082620697925917,8.186601938806861,40000,held_at_MOU-UQML_estimate,-0.09887493434878891
tau_lambda,tau,0.006169955320903496,lambda,3.2667876319432994,8.185210786543543,40000,held_at_MOU-UQML_estimate,-0.10026608661210723
tau_lambda,tau,0.006169955320903496,lambda,3.940498060084341,8.18344120016968,40000,held_at_MOU-UQML_estimate,-0.10203567298596994
tau_lambda,tau,0.006169955320903496,lambda,4.753147957858425,8.181213696868943,40000,held_at_MOU-UQML_estimate,-0.10426317628670745
tau_lambda,tau,0.006169955320903496,lambda,5.733390846742393,8.17843237897194,40000,held_at_MOU-UQML_estimate,-0.1070444941837092
tau_lambda,tau,0.006169955320903496,lambda,6.915789471094045,8.174981518458372,40000,held_at_MOU-UQML_estimate,-0.110495354697278
tau_lambda,tau,0.006169955320903496,lambda,8.34203445866076,8.17072143429811,40000,held_at_MOU-UQML_estimate,-0.11475543885753936
tau_lambda,tau,0.007442386745649732,lambda,0.4153254399204202,8.086943573754493,40000,held_at_MOU-UQML_estimate,-0.1985332994011575
tau_lambda,tau,0.007442386745649732,lambda,0.500978108986087,8.086913854222518,40000,held_at_MOU-UQML_estimate,-0.19856301893313244
tau_lambda,tau,0.007442386745649732,lambda,0.604294949356739,8.08682950301986,40000,held_at_MOU-UQML_estimate,-0.1986473701357898
tau_lambda,tau,0.007442386745649732,lambda,0.7289188474864182,8.086678181212067,40000,held_at_MOU-UQML_estimate,-0.19879869194358335
tau_lambda,tau,0.007442386745649732,lambda,0.879243963211196,8.086445050040998,40000,held_at_MOU-UQML_estimate,-0.19903182311465173
tau_lambda,tau,0.007442386745649732,lambda,1.0605706650461326,8.086112249004966,40000,held_at_MOU-UQML_estimate,-0.19936462415068412
tau_lambda,tau,0.007442386745649732,lambda,1.279292417827172,8.08565826312358,40000,held_at_MOU-UQML_estimate,-0.1998186100320698
tau_lambda,tau,0.007442386745649732,lambda,1.543121212238039,8.085057156817845,40000,held_at_MOU-UQML_estimate,-0.2004197163378052
tau_lambda,tau,0.007442386745649732,lambda,1.861359484724696,8.084277647108468,40000,held_at_MOU-UQML_estimate,-0.20119922604718177
tau_lambda,tau,0.007442386745649732,lambda,2.245228115521578,8.083281983251114,40000,held_at_MOU-UQML_estimate,-0.20219488990453627
tau_lambda,tau,0.007442386745649732,lambda,2.7082620697925917,8.08202459336473,40000,held_at_MOU-UQML_estimate,-0.20345227979091973
tau_lambda,tau,0.007442386745649732,lambda,3.2667876319432994,8.080450450888696,40000,held_at_MOU-UQML_estimate,-0.205026422266954
tau_lambda,tau,0.007442386745649732,lambda,3.940498060084341,8.078493104557946,40000,held_at_MOU-UQML_estimate,-0.20698376859770384
tau_lambda,tau,0.007442386745649732,lambda,4.753147957858425,8.076072304631627,40000,held_at_MOU-UQML_estimate,-0.20940456852402356
tau_lambda,tau,0.007442386745649732,lambda,5.733390846742393,8.073091144842172,40000,held_at_MOU-UQML_estimate,-0.21238572831347824
tau_lambda,tau,0.007442386745649732,lambda,6.915789471094045,8.069432623325309,40000,held_at_MOU-UQML_estimate,-0.21604424983034143
tau_lambda,tau,0.007442386745649732,lambda,8.34203445866076,8.064955505949026,40000,held_at_MOU-UQML_estimate,-0.22052136720662396
tau_lambda,tau,0.008977232020492477,lambda,0.4153254399204202,7.959645609730834,40000,held_at_MOU-UQML_estimate,-0.32583126342481616
tau_lambda,tau,0.008977232020492477,lambda,0.500978108986087,7.95951284125353,40000,held_at_MOU-UQML_estimate,-0.32596403190212
tau_lambda,tau,0.008977232020492477,lambda,0.604294949356739,7.959322842567584,40000,held_at_MOU-UQML_estimate,-0.32615403058806614
tau_lambda,tau,0.008977232020492477,lambda,0.7289188474864182,7.959063446147215,40000,held_at_MOU-UQML_estimate,-0.32641342700843534
tau_lambda,tau,0.008977232020492477,lambda,0.879243963211196,7.958719957335936,40000,held_at_MOU-UQML_estimate,-0.3267569158197139
tau_lambda,tau,0.008977232020492477,lambda,1.0605706650461326,7.958274624625835,40000,held_at_MOU-UQML_estimate,-0.32720224852981517
tau_lambda,tau,0.008977232020492477,lambda,1.279292417827172,7.957705998502069,40000,held_at_MOU-UQML_estimate,-0.3277708746535808
tau_lambda,tau,0.008977232020492477,lambda,1.543121212238039,7.956988156311133,40000,held_at_MOU-UQML_estimate,-0.3284887168445172
tau_lambda,tau,0.008977232020492477,lambda,1.861359484724696,7.956089766291179,40000,held_at_MOU-UQML_estimate,-0.3293871068644707
tau_lambda,tau,0.008977232020492477,lambda,2.245228115521578,7.95497295872744,40000,held_at_MOU-UQML_estimate,-0.3305039144282098
tau_lambda,tau,0.008977232020492477,lambda,2.7082620697925917,7.9535919659269245,40000,held_at_MOU-UQML_estimate,-0.33188490722872555
tau_lambda,tau,0.008977232020492477,lambda,3.2667876319432994,7.95189148503266,40000,held_at_MOU-UQML_estimate,-0.33358538812299
tau_lambda,tau,0.008977232020492477,lambda,3.940498060084341,7.949804708242045,40000,held_at_MOU-UQML_estimate,-0.3356721649136052
tau_lambda,tau,0.008977232020492477,lambda,4.753147957858425,7.947250953338194,40000,held_at_MOU-UQML_estimate,-0.3382259198174564
tau_lambda,tau,0.008977232020492477,lambda,5.733390846742393,7.944132813156932,40000,held_at_MOU-UQML_estimate,-0.3413440599987183
tau_lambda,tau,0.008977232020492477,lambda,6.915789471094045,7.940332725272206,40000,held_at_MOU-UQML_estimate,-0.3451441478834445
tau_lambda,tau,0.008977232020492477,lambda,8.34203445866076,7.935708842365867,40000,held_at_MOU-UQML_estimate,-0.34976803078978325
tau_lambda,tau,0.010828608819188654,lambda,0.4153254399204202,7.814577734431009,40000,held_at_MOU-UQML_estimate,-0.47089913872464084
tau_lambda,tau,0.010828608819188654,lambda,0.500978108986087,7.814404448842107,40000,held_at_MOU-UQML_estimate,-0.4710724243135429
tau_lambda,tau,0.010828608819188654,lambda,0.604294949356739,7.8141725616758935,40000,held_at_MOU-UQML_estimate,-0.4713043114797566
tau_lambda,tau,0.010828608819188654,lambda,0.7289188474864182,7.813869648896933,40000,held_at_MOU-UQML_estimate,-0.47160722425871704
tau_lambda,tau,0.010828608819188654,lambda,0.879243963211196,7.813480725550036,40000,held_at_MOU-UQML_estimate,-0.4719961476056138
tau_lambda,tau,0.010828608819188654,lambda,1.0605706650461326,7.8129877212311065,40000,held_at_MOU-UQML_estimate,-0.47248915192454355
tau_lambda,tau,0.010828608819188654,lambda,1.279292417827172,7.812368845931612,40000,held_at_MOU-UQML_estimate,-0.473108027224038
tau_lambda,tau,0.010828608819188654,lambda,1.543121212238039,7.8115978235338135,40000,held_at_MOU-UQML_estimate,-0.4738790496218366
tau_lambda,tau,0.010828608819188654,lambda,1.861359484724696,7.81064296575988,40000,held_at_MOU-UQML_estimate,-0.47483390739577036
tau_lambda,tau,0.010828608819188654,lambda,2.245228115521578,7.809466053971347,40000,held_at_MOU-UQML_estimate,-0.4760108191843031
tau_lambda,tau,0.010828608819188654,lambda,2.7082620697925917,7.808020989669496,40000,held_at_MOU-UQML_estimate,-0.4774558834861544
tau_lambda,tau,0.010828608819188654,lambda,3.2667876319432994,7.806252166615792,40000,held_at_MOU-UQML_estimate,-0.47922470653985805
tau_lambda,tau,0.010828608819188654,lambda,3.940498060084341,7.804092507880587,40000,held_at_MOU-UQML_estimate,-0.4813843652750629
tau_lambda,tau,0.010828608819188654,lambda,4.753147957858425,7.80146109949016,40000,held_at_MOU-UQML_estimate,-0.4840157736654902
tau_lambda,tau,0.010828608819188654,lambda,5.733390846742393,7.798260338273781,40000,held_at_MOU-UQML_estimate,-0.48721653488186867
tau_lambda,tau,0.010828608819188654,lambda,6.915789471094045,7.794372494553233,40000,held_at_MOU-UQML_estimate,-0.49110437860241696
tau_lambda,tau,0.010828608819188654,lambda,8.34203445866076,7.789655569945312,40000,held_at_MOU-UQML_estimate,-0.495821303210338
tau_lambda,tau,0.013061795516852161,lambda,0.4153254399204202,7.656807327737424,40000,held_at_MOU-UQML_estimate,-0.6286695454182265
tau_lambda,tau,0.013061795516852161,lambda,0.500978108986087,7.6566069001283,40000,held_at_MOU-UQML_estimate,-0.6288699730273501
tau_lambda,tau,0.013061795516852161,lambda,0.604294949356739,7.65634711880931,40000,held_at_MOU-UQML_estimate,-0.6291297543463399
tau_lambda,tau,0.013061795516852161,lambda,0.7289188474864182,7.656015550512118,40000,held_at_MOU-UQML_estimate,-0.6294613226435324
tau_lambda,tau,0.013061795516852161,lambda,0.879243963211196,7.655597200099126,40000,held_at_MOU-UQML_estimate,-0.6298796730565241
tau_lambda,tau,0.013061795516852161,lambda,1.0605706650461326,7.655073981402925,40000,held_at_MOU-UQML_estimate,-0.6304028917527251
tau_lambda,tau,0.013061795516852161,lambda,1.279292417827172,7.654424079170844,40000,held_at_MOU-UQML_estimate,-0.6310527939848063
tau_lambda,tau,0.013061795516852161,lambda,1.543121212238039,7.653621179530258,40000,held_at_MOU-UQML_estimate,-0.6318556936253925
tau_lambda,tau,0.013061795516852161,lambda,1.861359484724696,7.652633541690596,40000,held_at_MOU-UQML_estimate,-0.6328433314650539
tau_lambda,tau,0.013061795516852161,lambda,2.245228115521578,7.651422877994756,40000,held_at_MOU-UQML_estimate,-0.6340539951608939
tau_lambda,tau,0.013061795516852161,lambda,2.7082620697925917,7.649943002745761,40000,held_at_MOU-UQML_estimate,-0.6355338704098887
tau_lambda,tau,0.013061795516852161,lambda,3.2667876319432994,7.648138202236439,40000,held_at_MOU-UQML_estimate,-0.6373386709192115
tau_lambda,tau,0.013061795516852161,lambda,3.940498060084341,7.645941268817797,40000,held_at_MOU-UQML_estimate,-0.6395356043378531
tau_lambda,tau,0.013061795516852161,lambda,4.753147957858425,7.643271130311081,40000,held_at_MOU-UQML_estimate,-0.6422057428445687
tau_lambda,tau,0.013061795516852161,lambda,5.733390846742393,7.640029992185258,40000,held_at_MOU-UQML_estimate,-0.6454468809703924
tau_lambda,tau,0.013061795516852161,lambda,6.915789471094045,7.636099893194278,40000,held_at_MOU-UQML_estimate,-0.6493769799613718
tau_lambda,tau,0.013061795516852161,lambda,8.34203445866076,7.631338555024199,40000,held_at_MOU-UQML_estimate,-0.6541383181314506
tau_lambda,tau,0.01575553286417843,lambda,0.4153254399204202,7.49017894397456,40000,held_at_MOU-UQML_estimate,-0.79529792918109
tau_lambda,tau,0.01575553286417843,lambda,0.500978108986087,7.489952669802371,40000,held_at_MOU-UQML_estimate,-0.7955242033532794
tau_lambda,tau,0.01575553286417843,lambda,0.604294949356739,7.489667211742126,40000,held_at_MOU-UQML_estimate,-0.7958096614135242
tau_lambda,tau,0.01575553286417843,lambda,0.7289188474864182,7.489310131839228,40000,held_at_MOU-UQML_estimate,-0.796166741316422
tau_lambda,tau,0.01575553286417843,lambda,0.879243963211196,7.488866422246554,40000,held_at_MOU-UQML_estimate,-0.7966104509090961
tau_lambda,tau,0.01575553286417843,lambda,1.0605706650461326,7.4883179759238,40000,held_at_MOU-UQML_estimate,-0.7971588972318502
tau_lambda,tau,0.01575553286417843,lambda,1.279292417827172,7.487642947718661,40000,held_at_MOU-UQML_estimate,-0.797833925436989
tau_lambda,tau,0.01575553286417843,lambda,1.543121212238039,7.486814983261232,40000,held_at_MOU-UQML_estimate,-0.7986618898944178
tau_lambda,tau,0.01575553286417843,lambda,1.861359484724696,7.485802288611949,40000,held_at_MOU-UQML_estimate,-0.799674584543701
tau_lambda,tau,0.01575553286417843,lambda,2.245228115521578,7.484566508160164,40000,held_at_MOU-UQML_estimate,-0.8009103649954863
tau_lambda,tau,0.01575553286417843,lambda,2.7082620697925917,7.48306137165127,40000,held_at_MOU-UQML_estimate,-0.8024155015043801
tau_lambda,tau,0.01575553286417843,lambda,3.2667876319432994,7.481231063171108,40000,held_at_MOU-UQML_estimate,-0.8042458099845424
tau_lambda,tau,0.01575553286417843,lambda,3.940498060084341,7.479008255155242,40000,held_at_MOU-UQML_estimate,-0.8064686180004079
tau_lambda,tau,0.01575553286417843,lambda,4.753147957858425,7.476311738701375,40000,held_at_MOU-UQML_estimate,-0.8091651344542754
tau_lambda,tau,0.01575553286417843,lambda,5.733390846742393,7.473043567284466,40000,held_at_MOU-UQML_estimate,-0.8124333058711839
tau_lambda,tau,0.01575553286417843,lambda,6.915789471094045,7.469085613981212,40000,held_at_MOU-UQML_estimate,-0.8163912591744378
tau_lambda,tau,0.01575553286417843,lambda,8.34203445866076,7.464295421992309,40000,held_at_MOU-UQML_estimate,-0.8211814511633406
tau_lambda,tau,0.019004800336518406,lambda,0.4153254399204202,7.317454567170725,40000,held_at_MOU-UQML_estimate,-0.9680223059849249
tau_lambda,tau,0.019004800336518406,lambda,0.500978108986087,7.317207588909653,40000,held_at_MOU-UQML_estimate,-0.9682692842459968
tau_lambda,tau,0.019004800336518406,lambda,0.604294949356739,7.316900914935947,40000,held_at_MOU-UQML_estimate,-0.9685759582197031
tau_lambda,tau,0.019004800336518406,lambda,0.7289188474864182,7.316522114532039,40000,held_at_MOU-UQML_estimate,-0.9689547586236111
tau_lambda,tau,0.019004800336518406,lambda,0.879243963211196,7.316056189352178,40000,held_at_MOU-UQML_estimate,-0.969420683803472
tau_lambda,tau,0.019004800336518406,lambda,1.0605706650461326,7.315485043434211,40000,held_at_MOU-UQML_estimate,-0.9699918297214394
tau_lambda,tau,0.019004800336518406,lambda,1.279292417827172,7.314786843797573,40000,held_at_MOU-UQML_estimate,-0.9706900293580771
tau_lambda,tau,0.019004800336518406,lambda,1.543121212238039,7.313935249129725,40000,held_at_MOU-UQML_estimate,-0.9715416240259254
tau_lambda,tau,0.019004800336518406,lambda,1.861359484724696,7.312898479470513,40000,held_at_MOU-UQML_estimate,-0.9725783936851373
tau_lambda,tau,0.019004800336518406,lambda,2.245228115521578,7.311638194256363,40000,held_at_MOU-UQML_estimate,-0.9738386788992868
tau_lambda,tau,0.019004800336518406,lambda,2.7082620697925917,7.310108139382154,40000,held_at_MOU-UQML_estimate,-0.9753687337734958
tau_lambda,tau,0.019004800336518406,lambda,3.2667876319432994,7.308252515845922,40000,held_at_MOU-UQML_estimate,-0.9772243573097281
tau_lambda,tau,0.019004800336518406,lambda,3.940498060084341,7.306004012791551,40000,held_at_MOU-UQML_estimate,-0.9794728603640994
tau_lambda,tau,0.019004800336518406,lambda,4.753147957858425,7.303281436042889,40000,held_at_MOU-UQML_estimate,-0.982195437112761
tau_lambda,tau,0.019004800336518406,lambda,5.733390846742393,7.299986849152464,40000,held_at_MOU-UQML_estimate,-0.9854900240031856
tau_lambda,tau,0.019004800336518406,lambda,6.915789471094045,7.29600212711355,40000,held_at_MOU-UQML_estimate,-0.9894747460421005
tau_lambda,tau,0.019004800336518406,lambda,8.34203445866076,7.291184802656591,40000,held_at_MOU-UQML_estimate,-0.9942920704990588
theta_tau,theta,-0.007715338736332213,tau,0.0009461932936718456,1.2582409306515157,40000,held_at_MOU-UQML_estimate,-7.027235942504134
theta_tau,theta,-0.007715338736332213,tau,0.0011413269726262495,3.819846802948239,40000,held_at_MOU-UQML_estimate,-4.4656300702074105
theta_tau,theta,-0.007715338736332213,tau,0.001376703118861854,5.531130897065456,40000,held_at_MOU-UQML_estimate,-2.7543459760901943
theta_tau,theta,-0.007715338736332213,tau,0.0016606209464433762,6.655549110239979,40000,held_at_MOU-UQML_estimate,-1.6299277629156714
theta_tau,theta,-0.007715338736332213,tau,0.0020030912184220984,7.375657211280297,40000,held_at_MOU-UQML_estimate,-0.9098196618753533
theta_tau,theta,-0.007715338736332213,tau,0.002416189220010264,7.818006254441787,40000,held_at_MOU-UQML_estimate,-0.46747061871386286
theta_tau,theta,-0.007715338736332213,tau,0.002914480525501266,8.078570049080485,40000,held_at_MOU-UQML_estimate,-0.20690682407516547
theta_tau,theta,-0.007715338736332213,tau,0.0035155345712079827,8.224208641819502,40000,held_at_MOU-UQML_estimate,-0.06126823133614856
theta_tau,theta,-0.007715338736332213,tau,0.0042405441426762855,8.273579897892764,40000,held_at_MOU-UQML_estimate,-0.01189697526288569
theta_tau,theta,-0.007715338736332213,tau,0.0051150726189010945,8.253945558228542,40000,held_at_MOU-UQML_estimate,-0.0315313149271077
theta_tau,theta,-0.007715338736332213,tau,0.006169955320903496,8.186140391840562,40000,held_at_MOU-UQML_estimate,-0.09933648131508832
theta_tau,theta,-0.007715338736332213,tau,0.007442386745649732,8.083244584694116,40000,held_at_MOU-UQML_estimate,-0.20223228846153418
theta_tau,theta,-0.007715338736332213,tau,0.008977232020492477,7.955694421808669,40000,held_at_MOU-UQML_estimate,-0.3297824513469809
theta_tau,theta,-0.007715338736332213,tau,0.010828608819188654,7.81046704551016,40000,held_at_MOU-UQML_estimate,-0.47500982764548993
theta_tau,theta,-0.007715338736332213,tau,0.013061795516852161,7.652561333086825,40000,held_at_MOU-UQML_estimate,-0.6329155400688249
theta_tau,theta,-0.007715338736332213,tau,0.01575553286417843,7.485760767661705,40000,held_at_MOU-UQML_estimate,-0.7997161054939452
theta_tau,theta,-0.007715338736332213,tau,0.019004800336518406,7.312882947524107,40000,held_at_MOU-UQML_estimate,-0.9725939256315428
theta_tau,theta,-0.006655202700663141,tau,0.0009461932936718456,1.6615453204212776,40000,held_at_MOU-UQML_estimate,-6.623931552734373
theta_tau,theta,-0.006655202700663141,tau,0.0011413269726262495,4.035062133595412,40000,held_at_MOU-UQML_estimate,-4.250414739560238
theta_tau,theta,-0.006655202700663141,tau,0.001376703118861854,5.656421863986326,40000,held_at_MOU-UQML_estimate,-2.629055009169324
theta_tau,theta,-0.006655202700663141,tau,0.0016606209464433762,6.733237960625133,40000,held_at_MOU-UQML_estimate,-1.552238912530517
theta_tau,theta,-0.006655202700663141,tau,0.0020030912184220984,7.424512093236435,40000,held_at_MOU-UQML_estimate,-0.8609647799192155
theta_tau,theta,-0.006655202700663141,tau,0.002416189220010264,7.848417044583372,40000,held_at_MOU-UQML_estimate,-0.437059828572278
theta_tau,theta,-0.006655202700663141,tau,0.002914480525501266,8.092642458694916,40000,held_at_MOU-UQML_estimate,-0.19283441446073368
theta_tau,theta,-0.006655202700663141,tau,0.0035155345712079827,8.229088005907304,40000,held_at_MOU-UQML_estimate,-0.05638886724834613
theta_tau,theta,-0.006655202700663141,tau,0.0042405441426762855,8.276126973737464,40000,held_at_MOU-UQML_estimate,-0.009349899418186425
theta_tau,theta,-0.006655202700663141,tau,0.0051150726189010945,8.255034663827665,40000,held_at_MOU-UQML_estimate,-0.030442209327985026
theta_tau,theta,-0.006655202700663141,tau,0.006169955320903496,8.186661762076186,40000,held_at_MOU-UQML_estimate,-0.09881511107946395
theta_tau,theta,-0.006655202700663141,tau,0.007442386745649732,8.083480984165995,40000,held_at_MOU-UQML_estimate,-0.20199588898965537
theta_tau,theta,-0.006655202700663141,tau,0.008977232020492477,7.95579348191583,40000,held_at_MOU-UQML_estimate,-0.32968339123982027
theta_tau,theta,-0.006655202700663141,tau,0.010828608819188654,7.810515325631546,40000,held_at_MOU-UQML_estimate,-0.4749615475241038
theta_tau,theta,-0.006655202700663141,tau,0.013061795516852161,7.65258523131863,40000,held_at_MOU-UQML_estimate,-0.6328916418370198
theta_tau,theta,-0.006655202700663141,tau,0.01575553286417843,7.485774236551119,40000,held_at_MOU-UQML_estimate,-0.7997026366045308
theta_tau,theta,-0.006655202700663141,tau,0.019004800336518406,7.3128892390127715,40000,held_at_MOU-UQML_estimate,-0.9725876341428785
theta_tau,theta,-0.0055950666649940695,tau,0.0009461932936718456,2.5569291774600913,40000,held_at_MOU-UQML_estimate,-5.728547695695559
theta_tau,theta,-0.0055950666649940695,tau,0.0011413269726262495,4.370495904121938,40000,held_at_MOU-UQML_estimate,-3.914980969033712
theta_tau,theta,-0.0055950666649940695,tau,0.001376703118861854,5.794752271767271,40000,held_at_MOU-UQML_estimate,-2.4907246013883793
theta_tau,theta,-0.0055950666649940695,tau,0.0016606209464433762,6.807378116935321,40000,held_at_MOU-UQML_estimate,-1.4780987562203292
theta_tau,theta,-0.0055950666649940695,tau,0.0020030912184220984,7.469174865147,40000,held_at_MOU-UQML_estimate,-0.81630200800865
theta_tau,theta,-0.0055950666649940695,tau,0.002416189220010264,7.875891159706584,40000,held_at_MOU-UQML_estimate,-0.4095857134490659
theta_tau,theta,-0.0055950666649940695,tau,0.002914480525501266,8.1070371682535,40000,held_at_MOU-UQML_estimate,-0.17843970490215
theta_tau,theta,-0.0055950666649940695,tau,0.0035155345712079827,8.233770958720061,40000,held_at_MOU-UQML_estimate,-0.051705914435588696
theta_tau,theta,-0.0055950666649940695,tau,0.0042405441426762855,8.278429111331182,40000,held_at_MOU-UQML_estimate,-0.007047761824468424
theta_tau,theta,-0.0055950666649940695,tau,0.0051150726189010945,8.256036530361833,40000,held_at_MOU-UQML_estimate,-0.029440342793817464
theta_tau,theta,-0.0055950666649940695,tau,0.006169955320903496,8.187126665915738,40000,held_at_MOU-UQML_estimate,-0.09835020723991228
theta_tau,theta,-0.0055950666649940695,tau,0.007442386745649732,8.08369028858932,40000,held_at_MOU-UQML_estimate,-0.2017865845663298
theta_tau,theta,-0.0055950666649940695,tau,0.008977232020492477,7.955879544139159,40000,held_at_MOU-UQML_estimate,-0.3295973290164911
theta_tau,theta,-0.0055950666649940695,tau,0.010828608819188654,7.8105565343714884,40000,held_at_MOU-UQML_estimate,-0.4749203387841616
theta_tau,theta,-0.0055950666649940695,tau,0.013061795516852161,7.652605021055594,40000,held_at_MOU-UQML_estimate,-0.632871852100056
theta_tau,theta,-0.0055950666649940695,tau,0.01575553286417843,7.485785402786454,40000,held_at_MOU-UQML_estimate,-0.7996914703691962
theta_tau,theta,-0.0055950666649940695,tau,0.019004800336518406,7.312894323549696,40000,held_at_MOU-UQML_estimate,-0.9725825496059537
theta_tau,theta,-0.004534930629324999,tau,0.0009461932936718456,3.924274707422359,40000,held_at_MOU-UQML_estimate,-4.361202165733291
theta_tau,theta,-0.004534930629324999,tau,0.0011413269726262495,5.077897031967192,40000,held_at_MOU-UQML_estimate,-3.2075798411884584
theta_tau,theta,-0.004534930629324999,tau,0.001376703118861854,6.0084635557936545,40000,held_at_MOU-UQML_estimate,-2.2770133173619955
theta_tau,theta,-0.004534930629324999,tau,0.0016606209464433762,6.882258797364442,40000,held_at_MOU-UQML_estimate,-1.4032180757912078
theta_tau,theta,-0.004534930629324999,tau,0.0020030912184220984,7.509555633928772,40000,held_at_MOU-UQML_estimate,-0.7759212392268777
theta_tau,theta,-0.004534930629324999,tau,0.002416189220010264,7.899978623528182,40000,held_at_MOU-UQML_estimate,-0.38549824962746815
theta_tau,theta,-0.004534930629324999,tau,0.002914480525501266,8.120500220606887,40000,held_at_MOU-UQML_estimate,-0.16497665254876281
theta_tau,theta,-0.004534930629324999,tau,0.0035155345712079827,8.238182759201539,40000,held_at_MOU-UQML_estimate,-0.04729411395411098
theta_tau,theta,-0.004534930629324999,tau,0.0042405441426762855,8.280455012250073,40000,held_at_MOU-UQML_estimate,-0.005021860905577213
theta_tau,theta,-0.004534930629324999,tau,0.0051150726189010945,8.256931774587747,40000,held_at_MOU-UQML_estimate,-0.028545098567903437
theta_tau,theta,-0.004534930629324999,tau,0.006169955320903496,8.187530388581685,40000,held_at_MOU-UQML_estimate,-0.09794648457396526
theta_tau,theta,-0.004534930629324999,tau,0.007442386745649732,8.083870448618097,40000,held_at_MOU-UQML_estimate,-0.2016064245375535
theta_tau,theta,-0.004534930629324999,tau,0.008977232020492477,7.955951936544041,40000,held_at_MOU-UQML_estimate,-0.32952493661160887
theta_tau,theta,-0.004534930629324999,tau,0.010828608819188654,7.8105904110600735,40000,held_at_MOU-UQML_estimate,-0.4748864620955766
theta_tau,theta,-0.004534930629324999,tau,0.013061795516852161,7.652620617474412,40000,held_at_MOU-UQML_estimate,-0.6328562556812383
theta_tau,theta,-0.004534930629324999,tau,0.01575553286417843,7.485794226571121,40000,held_at_MOU-UQML_estimate,-0.7996826465845288
theta_tau,theta,-0.004534930629324999,tau,0.019004800336518406,7.31289817933019,40000,held_at_MOU-UQML_estimate,-0.9725786938254597
theta_tau,theta,-0.003474794593655927,tau,0.0009461932936718456,5.121884804285386,40000,held_at_MOU-UQML_estimate,-3.1635920688702637
theta_tau,theta,-0.003474794593655927,tau,0.0011413269726262495,5.8533068112104125,40000,held_at_MOU-UQML_estimate,-2.4321700619452375
theta_tau,theta,-0.003474794593655927,tau,0.001376703118861854,6.365185252346999,40000,held_at_MOU-UQML_estimate,-1.9202916208086513
theta_tau,theta,-0.003474794593655927,tau,0.0016606209464433762,6.9680576124199725,40000,held_at_MOU-UQML_estimate,-1.3174192607356776
theta_tau,theta,-0.003474794593655927,tau,0.0020030912184220984,7.545527929686807,40000,held_at_MOU-UQML_estimate,-0.7399489434688427
theta_tau,theta,-0.003474794593655927,tau,0.002416189220010264,7.92036657301113,40000,held_at_MOU-UQML_estimate,-0.3651103001445204
theta_tau,theta,-0.003474794593655927,tau,0.002914480525501266,8.132146571046738,40000,held_at_MOU-UQML_estimate,-0.15333030210891252
theta_tau,theta,-0.003474794593655927,tau,0.0035155345712079827,8.242167073523902,40000,held_at_MOU-UQML_estimate,-0.04330979963174819
theta_tau,theta,-0.003474794593655927,tau,0.0042405441426762855,8.282176013141115,40000,held_at_MOU-UQML_estimate,-0.003300860014535445
theta_tau,theta,-0.003474794593655927,tau,0.0051150726189010945,8.25770019952884,40000,held_at_MOU-UQML_estimate,-0.027776673626810577
theta_tau,theta,-0.003474794593655927,tau,0.006169955320903496,8.187868693524887,40000,held_at_MOU-UQML_estimate,-0.09760817963076285
theta_tau,theta,-0.003474794593655927,tau,0.007442386745649732,8.084019582769931,40000,held_at_MOU-UQML_estimate,-0.20145729038571858
theta_tau,theta,-0.003474794593655927,tau,0.008977232020492477,7.956010031330927,40000,held_at_MOU-UQML_estimate,-0.32946684182472286
theta_tau,theta,-0.003474794593655927,tau,0.010828608819188654,7.810616723406581,40000,held_at_MOU-UQML_estimate,-0.47486014974906876
theta_tau,theta,-0.003474794593655927,tau,0.013061795516852161,7.652631945818242,40000,held_at_MOU-UQML_estimate,-0.6328449273374082
theta_tau,theta,-0.003474794593655927,tau,0.01575553286417843,7.485800674503382,40000,held_at_MOU-UQML_estimate,-0.7996761986522678
theta_tau,theta,-0.003474794593655927,tau,0.019004800336518406,7.312900787494927,40000,held_at_MOU-UQML_estimate,-0.9725760856607231
theta_tau,theta,-0.0024146585579868556,tau,0.0009461932936718456,6.051633039030335,40000,held_at_MOU-UQML_estimate,-2.233843834125315
theta_tau,theta,-0.0024146585579868556,tau,0.0011413269726262495,6.467283014275457,40000,held_at_MOU-UQML_estimate,-1.8181938588801927
theta_tau,theta,-0.0024146585579868556,tau,0.001376703118861854,6.73489822112116,40000,held_at_MOU-UQML_estimate,-1.5505786520344902
theta_tau,theta,-0.0024146585579868556,tau,0.0016606209464433762,7.070389866483808,40000,held_at_MOU-UQML_estimate,-1.2150870066718422
theta_tau,theta,-0.0024146585579868556,tau,0.0020030912184220984,7.57636017660391,40000,held_at_MOU-UQML_estimate,-0.7091166965517397
theta_tau,theta,-0.0024146585579868556,tau,0.002416189220010264,7.936663411404718,40000,held_at_MOU-UQML_estimate,-0.3488134617509324
theta_tau,theta,-0.0024146585579868556,tau,0.002914480525501266,8.141450189050223,40000,held_at_MOU-UQML_estimate,-0.14402668410542674
theta_tau,theta,-0.0024146585579868556,tau,0.0035155345712079827,8.245519923763624,40000,held_at_MOU-UQML_estimate,-0.03995694939202643
theta_tau,theta,-0.0024146585579868556,tau,0.0042405441426762855,8.28356362757106,40000,held_at_MOU-UQML_estimate,-0.001913245584590939
theta_tau,theta,-0.0024146585579868556,tau,0.0051150726189010945,8.258323365622255,40000,held_at_MOU-UQML_estimate,-0.02715350753339507
theta_tau,theta,-0.0024146585579868556,tau,0.006169955320903496,8.188137826392314,40000,held_at_MOU-UQML_estimate,-0.09733904676333616
theta_tau,theta,-0.0024146585579868556,tau,0.007442386745649732,8.084136044381287,40000,held_at_MOU-UQML_estimate,-0.201340828774363
theta_tau,theta,-0.0024146585579868556,tau,0.008977232020492477,7.956053269954225,40000,held_at_MOU-UQML_estimate,-0.32942360320142505
theta_tau,theta,-0.0024146585579868556,tau,0.010828608819188654,7.810635273153003,40000,held_at_MOU-UQML_estimate,-0.4748416000026472
theta_tau,theta,-0.0024146585579868556,tau,0.013061795516852161,7.6526389434129,40000,held_at_MOU-UQML_estimate,-0.6328379297427498
theta_tau,theta,-0.0024146585579868556,tau,0.01575553286417843,7.485804720077117,40000,held_at_MOU-UQML_estimate,-0.7996721530785331
theta_tau,theta,-0.0024146585579868556,tau,0.019004800336518406,7.31290213231901,40000,held_at_MOU-UQML_estimate,-0.9725747408366399
theta_tau,theta,-0.0013545225223177844,tau,0.0009461932936718456,6.685872701397656,40000,held_at_MOU-UQML_estimate,-1.5996041717579939
theta_tau,theta,-0.0013545225223177844,tau,0.0011413269726262495,6.882956761000495,40000,held_at_MOU-UQML_estimate,-1.4025201121551554
theta_tau,theta,-0.0013545225223177844,tau,0.001376703118861854,7.00135373925538,40000,held_at_MOU-UQML_estimate,-1.2841231339002697
theta_tau,theta,-0.0013545225223177844,tau,0.0016606209464433762,7.168386848442542,40000,held_at_MOU-UQML_estimate,-1.1170900247131081
theta_tau,theta,-0.0013545225223177844,tau,0.0020030912184220984,7.600086182397975,40000,held_at_MOU-UQML_estimate,-0.685390690757675
theta_tau,theta,-0.0013545225223177844,tau,0.002416189220010264,7.948364534441996,40000,held_at_MOU-UQML_estimate,-0.33711233871365387
theta_tau,theta,-0.0013545225223177844,tau,0.002914480525501266,8.1480958806672,40000,held_at_MOU-UQML_estimate,-0.13738099248845081
theta_tau,theta,-0.0013545225223177844,tau,0.0035155345712079827,8.248034543346293,40000,held_at_MOU-UQML_estimate,-0.03744232980935713
theta_tau,theta,-0.0013545225223177844,tau,0.0042405441426762855,8.284590419084592,40000,held_at_MOU-UQML_estimate,-0.0008864540710575852
theta_tau,theta,-0.0013545225223177844,tau,0.0051150726189010945,8.258786068191725,40000,held_at_MOU-UQML_estimate,-0.026690804963925174
theta_tau,theta,-0.0013545225223177844,tau,0.006169955320903496,8.188334562300634,40000,held_at_MOU-UQML_estimate,-0.09714231085501623
theta_tau,theta,-0.0013545225223177844,tau,0.007442386745649732,8.084218482993256,40000,held_at_MOU-UQML_estimate,-0.2012583901623941
theta_tau,theta,-0.0013545225223177844,tau,0.008977232020492477,7.956081186433077,40000,held_at_MOU-UQML_estimate,-0.3293956867225729
theta_tau,theta,-0.0013545225223177844,tau,0.010828608819188654,7.810645900795958,40000,held_at_MOU-UQML_estimate,-0.4748309723596922
theta_tau,theta,-0.0013545225223177844,tau,0.013061795516852161,7.652641561458204,40000,held_at_MOU-UQML_estimate,-0.6328353116974457
theta_tau,theta,-0.0013545225223177844,tau,0.01575553286417843,7.485806344082099,40000,held_at_MOU-UQML_estimate,-0.7996705290735511
theta_tau,theta,-0.0013545225223177844,tau,0.019004800336518406,7.3129022013657154,40000,held_at_MOU-UQML_estimate,-0.9725746717899346
theta_tau,theta,-0.00029438648664871297,tau,0.0009461932936718456,6.998034200094547,40000,held_at_MOU-UQML_estimate,-1.2874426730611033
theta_tau,theta,-0.00029438648664871297,tau,0.0011413269726262495,7.086350704962133,40000,held_at_MOU-UQML_estimate,-1.1991261681935175
theta_tau,theta,-0.00029438648664871297,tau,0.001376703118861854,7.133135060245626,40000,held_at_MOU-UQML_estimate,-1.1523418129100245
theta_tau,theta,-0.00029438648664871297,tau,0.0016606209464433762,7.226288075784421,40000,held_at_MOU-UQML_estimate,-1.0591887973712293
theta_tau,theta,-0.00029438648664871297,tau,0.0020030912184220984,7.613729731185379,40000,held_at_MOU-UQML_estimate,-0.671747141970271
theta_tau,theta,-0.00029438648664871297,tau,0.002416189220010264,7.954973706101347,40000,held_at_MOU-UQML_estimate,-0.33050316705430305
theta_tau,theta,-0.00029438648664871297,tau,0.002914480525501266,8.15188679618769,40000,held_at_MOU-UQML_estimate,-0.13359007696796077
theta_tau,theta,-0.00029438648664871297,tau,0.0035155345712079827,8.24954395805981,40000,held_at_MOU-UQML_estimate,-0.035932915095839846
theta_tau,theta,-0.00029438648664871297,tau,0.0042405441426762855,8.285233219072573,40000,held_at_MOU-UQML_estimate,-0.00024365408307680525
theta_tau,theta,-0.00029438648664871297,tau,0.0051150726189010945,8.259077148498156,40000,held_at_MOU-UQML_estimate,-0.026399724657494517
theta_tau,theta,-0.00029438648664871297,tau,0.006169955320903496,8.188456313666544,40000,held_at_MOU-UQML_estimate,-0.09702055948910626
theta_tau,theta,-0.00029438648664871297,tau,0.007442386745649732,8.084265893233445,40000,held_at_MOU-UQML_estimate,-0.20121097992220527
theta_tau,theta,-0.00029438648664871297,tau,0.008977232020492477,7.956093427219259,40000,held_at_MOU-UQML_estimate,-0.3293834459363909
theta_tau,theta,-0.00029438648664871297,tau,0.010828608819188654,7.810648489175108,40000,held_at_MOU-UQML_estimate,-0.47482838398054206
theta_tau,theta,-0.00029438648664871297,tau,0.013061795516852161,7.652639766523507,40000,held_at_MOU-UQML_estimate,-0.6328371066321434
theta_tau,theta,-0.00029438648664871297,tau,0.01575553286417843,7.485805534889495,40000,held_at_MOU-UQML_estimate,-0.7996713382661547
theta_tau,theta,-0.00029438648664871297,tau,0.019004800336518406,7.3129009856016145,40000,held_at_MOU-UQML_estimate,-0.9725758875540356
theta_tau,theta,0.0007657495490203584,tau,0.0009461932936718456,6.970297931505015,40000,held_at_MOU-UQML_estimate,-1.3151789416506352
theta_tau,theta,0.0007657495490203584,tau,0.0011413269726262495,7.069820996075056,40000,held_at_MOU-UQML_estimate,-1.2156558770805939
theta_tau,theta,0.0007657495490203584,tau,0.001376703118861854,7.123078557196911,40000,held_at_MOU-UQML_estimate,-1.1623983159587388
theta_tau,theta,0.0007657495490203584,tau,0.0016606209464433762,7.223156349065811,40000,held_at_MOU-UQML_estimate,-1.0623205240898388
theta_tau,theta,0.0007657495490203584,tau,0.0020030912184220984,7.61502811672274,40000,held_at_MOU-UQML_estimate,-0.6704487564329105
theta_tau,theta,0.0007657495490203584,tau,0.002416189220010264,7.956207157445816,40000,held_at_MOU-UQML_estimate,-0.32926971570983365
theta_tau,theta,0.0007657495490203584,tau,0.002914480525501266,8.152717087912393,40000,held_at_MOU-UQML_estimate,-0.13275978524325716
theta_tau,theta,0.0007657495490203584,tau,0.0035155345712079827,8.249952989959306,40000,held_at_MOU-UQML_estimate,-0.03552388319634403
theta_tau,theta,0.0007657495490203584,tau,0.0042405441426762855,8.28547687315565,40000,held_at_MOU-UQML_estimate,0.0
theta_tau,theta,0.0007657495490203584,tau,0.0051150726189010945,8.259189953533632,40000,held_at_MOU-UQML_estimate,-0.026286919622018345
theta_tau,theta,0.0007657495490203584,tau,0.006169955320903496,8.188501280499718,40000,held_at_MOU-UQML_estimate,-0.09697559265593192
theta_tau,theta,0.0007657495490203584,tau,0.007442386745649732,8.084277647108468,40000,held_at_MOU-UQML_estimate,-0.20119922604718177
theta_tau,theta,0.0007657495490203584,tau,0.008977232020492477,7.956089766291179,40000,held_at_MOU-UQML_estimate,-0.3293871068644707
theta_tau,theta,0.0007657495490203584,tau,0.010828608819188654,7.81064296575988,40000,held_at_MOU-UQML_estimate,-0.47483390739577036
theta_tau,theta,0.0007657495490203584,tau,0.013061795516852161,7.652633541690596,40000,held_at_MOU-UQML_estimate,-0.6328433314650539
theta_tau,theta,0.0007657495490203584,tau,0.01575553286417843,7.485802288611949,40000,held_at_MOU-UQML_estimate,-0.799674584543701
theta_tau,theta,0.0007657495490203584,tau,0.019004800336518406,7.312898479470513,40000,held_at_MOU-UQML_estimate,-0.9725783936851373
theta_tau,theta,0.0018258855846894299,tau,0.0009461932936718456,6.6064776173504,40000,held_at_MOU-UQML_estimate,-1.67899925580525
theta_tau,theta,0.0018258855846894299,tau,0.0011413269726262495,6.834683101941644,40000,held_at_MOU-UQML_estimate,-1.4507937712140064
theta_tau,theta,0.0018258855846894299,tau,0.001376703118861854,6.971947399441913,40000,held_at_MOU-UQML_estimate,-1.3135294737137366
theta_tau,theta,0.0018258855846894299,tau,0.0016606209464433762,7.161742533117314,40000,held_at_MOU-UQML_estimate,-1.123734340038336
theta_tau,theta,0.0018258855846894299,tau,0.0020030912184220984,7.604278353996476,40000,held_at_MOU-UQML_estimate,-0.6811985191591745
theta_tau,theta,0.0018258855846894299,tau,0.002416189220010264,7.952100058113237,40000,held_at_MOU-UQML_estimate,-0.33337681504241345
theta_tau,theta,0.0018258855846894299,tau,0.002914480525501266,8.15057307809431,40000,held_at_MOU-UQML_estimate,-0.13490379506134076
theta_tau,theta,0.0018258855846894299,tau,0.0035155345712079827,8.24925566675969,40000,held_at_MOU-UQML_estimate,-0.03622120639595927
theta_tau,theta,0.0018258855846894299,tau,0.0042405441426762855,8.285316934805849,40000,held_at_MOU-UQML_estimate,-0.00015993834980143617
theta_tau,theta,0.0018258855846894299,tau,0.0051150726189010945,8.2591225349124,40000,held_at_MOU-UQML_estimate,-0.026354338243249842
theta_tau,theta,0.0018258855846894299,tau,0.006169955320903496,8.188468592636283,40000,held_at_MOU-UQML_estimate,-0.09700828051936661
theta_tau,theta,0.0018258855846894299,tau,0.007442386745649732,8.084253507429343,40000,held_at_MOU-UQML_estimate,-0.20122336572630672
theta_tau,theta,0.0018258855846894299,tau,0.008977232020492477,7.956070114524509,40000,held_at_MOU-UQML_estimate,-0.32940675863114066
theta_tau,theta,0.0018258855846894299,tau,0.010828608819188654,7.8106293035153955,40000,held_at_MOU-UQML_estimate,-0.47484756964025454
theta_tau,theta,0.0018258855846894299,tau,0.013061795516852161,7.652622887304148,40000,held_at_MOU-UQML_estimate,-0.6328539858515017
theta_tau,theta,0.0018258855846894299,tau,0.01575553286417843,7.485796609131807,40000,held_at_MOU-UQML_estimate,-0.7996802640238432
theta_tau,theta,0.0018258855846894299,tau,0.019004800336518406,7.312894680924585,40000,held_at_MOU-UQML_estimate,-0.9725821922310649
theta_tau,theta,0.002886021620358501,tau,0.0009461932936718456,5.929272724043239,40000,held_at_MOU-UQML_estimate,-2.3562041491124113
theta_tau,theta,0.002886021620358501,tau,0.0011413269726262495,6.390326459653229,40000,held_at_MOU-UQML_estimate,-1.8951504135024209
theta_tau,theta,0.002886021620358501,tau,0.001376703118861854,6.69065800035671,40000,held_at_MOU-UQML_estimate,-1.5948188727989399
theta_tau,theta,0.002886021620358501,tau,0.0016606209464433762,7.067307833001364,40000,held_at_MOU-UQML_estimate,-1.2181690401542857
theta_tau,theta,0.002886021620358501,tau,0.0020030912184220984,7.584125668691588,40000,held_at_MOU-UQML_estimate,-0.7013512044640624
theta_tau,theta,0.002886021620358501,tau,0.002416189220010264,7.942962421474745,40000,held_at_MOU-UQML_estimate,-0.34251445168090466
theta_tau,theta,0.002886021620358501,tau,0.002914480525501266,8.145535305843106,40000,held_at_MOU-UQML_estimate,-0.13994156731254392
theta_tau,theta,0.002886021620358501,tau,0.0035155345712079827,8.247535254986202,40000,held_at_MOU-UQML_estimate,-0.03794161816944808
theta_tau,theta,0.002886021620358501,tau,0.0042405441426762855,8.28476038465854,40000,held_at_MOU-UQML_estimate,-0.0007164884971100349
theta_tau,theta,0.002886021620358501,tau,0.0051150726189010945,8.258877607603655,40000,held_at_MOU-UQML_estimate,-0.026599265551995543
theta_tau,theta,0.002886021620358501,tau,0.006169955320903496,8.188358389742096,40000,held_at_MOU-UQML_estimate,-0.09711848341355456
theta_tau,theta,0.002886021620358501,tau,0.007442386745649732,8.084193621525243,40000,held_at_MOU-UQML_estimate,-0.20128325163040728
theta_tau,theta,0.002886021620358501,tau,0.008977232020492477,7.95603452281951,40000,held_at_MOU-UQML_estimate,-0.3294423503361399
theta_tau,theta,0.002886021620358501,tau,0.010828608819188654,7.810607520293263,40000,held_at_MOU-UQML_estimate,-0.4748693528623873
theta_tau,theta,0.002886021620358501,tau,0.013061795516852161,7.652607821308881,40000,held_at_MOU-UQML_estimate,-0.632869051846769
theta_tau,theta,0.002886021620358501,tau,0.01575553286417843,7.485788507995481,40000,held_at_MOU-UQML_estimate,-0.7996883651601694
theta_tau,theta,0.002886021620358501,tau,0.019004800336518406,7.312889591411891,40000,held_at_MOU-UQML_estimate,-0.9725872817437589
theta_tau,theta,0.003946157656027572,tau,0.0009461932936718456,4.963368164727428,40000,held_at_MOU-UQML_estimate,-3.322108708428222
theta_tau,theta,0.003946157656027572,tau,0.0011413269726262495,5.753792969706112,40000,held_at_MOU-UQML_estimate,-2.5316839034495384
theta_tau,theta,0.003946157656027572,tau,0.001376703118861854,6.3241932460615,40000,held_at_MOU-UQML_estimate,-1.9612836270941498
theta_tau,theta,0.003946157656027572,tau,0.0016606209464433762,6.97527418407252,40000,held_at_MOU-UQML_estimate,-1.3102026890831304
theta_tau,theta,0.003946157656027572,tau,0.0020030912184220984,7.557442297138124,40000,held_at_MOU-UQML_estimate,-0.7280345760175262
theta_tau,theta,0.003946157656027572,tau,0.002416189220010264,7.929244436186005,40000,held_at_MOU-UQML_estimate,-0.3562324369696448
theta_tau,theta,0.003946157656027572,tau,0.002914480525501266,8.137779614363984,40000,held_at_MOU-UQML_estimate,-0.14769725879166629
theta_tau,theta,0.003946157656027572,tau,0.0035155345712079827,8.244942935918143,40000,held_at_MOU-UQML_estimate,-0.04053393723750709
theta_tau,theta,0.003946157656027572,tau,0.0042405441426762855,8.283823930929122,40000,held_at_MOU-UQML_estimate,-0.0016529422265278981
theta_tau,theta,0.003946157656027572,tau,0.0051150726189010945,8.258462280026759,40000,held_at_MOU-UQML_estimate,-0.027014593128891207
theta_tau,theta,0.003946157656027572,tau,0.006169955320903496,8.18817181145979,40000,held_at_MOU-UQML_estimate,-0.09730506169585951
theta_tau,theta,0.003946157656027572,tau,0.007442386745649732,8.084098496005272,40000,held_at_MOU-UQML_estimate,-0.20137837715037854
theta_tau,theta,0.003946157656027572,tau,0.008977232020492477,7.955983178910062,40000,held_at_MOU-UQML_estimate,-0.3294936942455884
theta_tau,theta,0.003946157656027572,tau,0.010828608819188654,7.810577676769035,40000,held_at_MOU-UQML_estimate,-0.47489919638661515
theta_tau,theta,0.003946157656027572,tau,0.013061795516852161,7.652588379172048,40000,held_at_MOU-UQML_estimate,-0.6328884939836019
theta_tau,theta,0.003946157656027572,tau,0.01575553286417843,7.4857780041765976,40000,held_at_MOU-UQML_estimate,-0.7996988689790525
theta_tau,theta,0.003946157656027572,tau,0.019004800336518406,7.312883215820421,40000,held_at_MOU-UQML_estimate,-0.9725936573352287
theta_tau,theta,0.005006293691696644,tau,0.0009461932936718456,3.7455327439165105,40000,held_at_MOU-UQML_estimate,-4.53994412923914
theta_tau,theta,0.005006293691696644,tau,0.0011413269726262495,4.990600057836367,40000,held_at_MOU-UQML_estimate,-3.2948768153192827
theta_tau,theta,0.005006293691696644,tau,0.001376703118861854,6.000036783666977,40000,held_at_MOU-UQML_estimate,-2.285440089488673
theta_tau,theta,0.005006293691696644,tau,0.0016606209464433762,6.901139675932835,40000,held_at_MOU-UQML_estimate,-1.3843371972228153
theta_tau,theta,0.005006293691696644,tau,0.0020030912184220984,7.525752389066295,40000,held_at_MOU-UQML_estimate,-0.7597244840893547
theta_tau,theta,0.005006293691696644,tau,0.002416189220010264,7.911367836233233,40000,held_at_MOU-UQML_estimate,-0.3741090369224169
theta_tau,theta,0.005006293691696644,tau,0.002914480525501266,8.127593923221802,40000,held_at_MOU-UQML_estimate,-0.15788294993384788
theta_tau,theta,0.005006293691696644,tau,0.0035155345712079827,8.241671011869494,40000,held_at_MOU-UQML_estimate,-0.043805861286156045
theta_tau,theta,0.005006293691696644,tau,0.0042405441426762855,8.282530715762036,40000,held_at_MOU-UQML_estimate,-0.002946157393614257
theta_tau,theta,0.005006293691696644,tau,0.0051150726189010945,8.25788755084346,40000,held_at_MOU-UQML_estimate,-0.027589322312190134
theta_tau,theta,0.005006293691696644,tau,0.006169955320903496,8.187910906428261,40000,held_at_MOU-UQML_estimate,-0.09756596672738915
theta_tau,theta,0.005006293691696644,tau,0.007442386745649732,8.083968955165242,40000,held_at_MOU-UQML_estimate,-0.20150791799040846
theta_tau,theta,0.005006293691696644,tau,0.008977232020492477,7.955916398207658,40000,held_at_MOU-UQML_estimate,-0.3295604749479919
theta_tau,theta,0.005006293691696644,tau,0.010828608819188654,7.810539873029603,40000,held_at_MOU-UQML_estimate,-0.47493700012604734
theta_tau,theta,0.005006293691696644,tau,0.013061795516852161,7.652564613409023,40000,held_at_MOU-UQML_estimate,-0.632912259746627
theta_tau,theta,0.005006293691696644,tau,0.01575553286417843,7.485765123715089,40000,held_at_MOU-UQML_estimate,-0.7997117494405614
theta_tau,theta,0.005006293691696644,tau,0.019004800336518406,7.312875562379687,40000,held_at_MOU-UQML_estimate,-0.9726013107759632
theta_tau,theta,0.006066429727365715,tau,0.0009461932936718456,2.440256553253727,40000,held_at_MOU-UQML_estimate,-5.845220319901923
theta_tau,theta,0.006066429727365715,tau,0.0011413269726262495,4.358247790511417,40000,held_at_MOU-UQML_estimate,-3.9272290826442333
theta_tau,theta,0.006066429727365715,tau,0.001376703118861854,5.823975064320527,40000,held_at_MOU-UQML_estimate,-2.4615018088351235
theta_tau,theta,0.006066429727365715,tau,0.0016606209464433762,6.835486184256746,40000,held_at_MOU-UQML_estimate,-1.4499906888989038
theta_tau,theta,0.006066429727365715,tau,0.0020030912184220984,7.489392716519344,40000,held_at_MOU-UQML_estimate,-0.7960841566363062
theta_tau,theta,0.006066429727365715,tau,0.002416189220010264,7.889688670571987,40000,held_at_MOU-UQML_estimate,-0.3957882025836632
theta_tau,theta,0.006066429727365715,tau,0.002914480525501266,8.115416755663132,40000,held_at_MOU-UQML_estimate,-0.17006011749251826
theta_tau,theta,0.006066429727365715,tau,0.0035155345712079827,8.237916756040391,40000,held_at_MOU-UQML_estimate,-0.04756011711525865
theta_tau,theta,0.006066429727365715,tau,0.0042405441426762855,8.280906821505544,40000,held_at_MOU-UQML_estimate,-0.004570051650105711
theta_tau,theta,0.006066429727365715,tau,0.0051150726189010945,8.257167534735112,40000,held_at_MOU-UQML_estimate,-0.028309338420537955
theta_tau,theta,0.006066429727365715,tau,0.006169955320903496,8.187578495299705,40000,held_at_MOU-UQML_estimate,-0.09789837785594457
theta_tau,theta,0.006066429727365715,tau,0.007442386745649732,8.083806087485332,40000,held_at_MOU-UQML_estimate,-0.20167078567031815
theta_tau,theta,0.006066429727365715,tau,0.008977232020492477,7.955834609415721,40000,held_at_MOU-UQML_estimate,-0.3296422637399292
theta_tau,theta,0.006066429727365715,tau,0.010828608819188654,7.81049424399329,40000,held_at_MOU-UQML_estimate,-0.4749826291623602
theta_tau,theta,0.006066429727365715,tau,0.013061795516852161,7.652536592746925,40000,held_at_MOU-UQML_estimate,-0.6329402804087252
theta_tau,theta,0.006066429727365715,tau,0.01575553286417843,7.485749899243741,40000,held_at_MOU-UQML_estimate,-0.7997269739119091
theta_tau,theta,0.006066429727365715,tau,0.019004800336518406,7.312866642521726,40000,held_at_MOU-UQML_estimate,-0.9726102306339239
theta_tau,theta,0.007126565763034786,tau,0.0009461932936718456,1.6988464415026459,40000,held_at_MOU-UQML_estimate,-6.586630431653004
theta_tau,theta,0.007126565763034786,tau,0.0011413269726262495,4.093649268884359,40000,held_at_MOU-UQML_estimate,-4.191827604271291
theta_tau,theta,0.007126565763034786,tau,0.001376703118861854,5.706111863075829,40000,held_at_MOU-UQML_estimate,-2.5793650100798207
theta_tau,theta,0.007126565763034786,tau,0.0016606209464433762,6.768063623840452,40000,held_at_MOU-UQML_estimate,-1.5174132493151982
theta_tau,theta,0.007126565763034786,tau,0.0020030912184220984,7.448580029307461,40000,held_at_MOU-UQML_estimate,-0.836896843848189
theta_tau,theta,0.007126565763034786,tau,0.002416189220010264,7.864448582572634,40000,held_at_MOU-UQML_estimate,-0.42102829058301605
theta_tau,theta,0.007126565763034786,tau,0.002914480525501266,8.102007134509243,40000,held_at_MOU-UQML_estimate,-0.1834697386464068
theta_tau,theta,0.007126565763034786,tau,0.0035155345712079827,8.23383598649126,40000,held_at_MOU-UQML_estimate,-0.051640886664390706
theta_tau,theta,0.007126565763034786,tau,0.0042405441426762855,8.278978568681998,40000,held_at_MOU-UQML_estimate,-0.006498304473652183
theta_tau,theta,0.007126565763034786,tau,0.0051150726189010945,8.256318358378415,40000,held_at_MOU-UQML_estimate,-0.029158514777234856
theta_tau,theta,0.007126565763034786,tau,0.006169955320903496,8.187178032485933,40000,held_at_MOU-UQML_estimate,-0.09829884066971672
theta_tau,theta,0.007126565763034786,tau,0.007442386745649732,8.08361118624906,40000,held_at_MOU-UQML_estimate,-0.20186568690659001
theta_tau,theta,0.007126565763034786,tau,0.008977232020492477,7.955738335964305,40000,held_at_MOU-UQML_estimate,-0.3297385371913455
theta_tau,theta,0.007126565763034786,tau,0.010828608819188654,7.81044095391598,40000,held_at_MOU-UQML_estimate,-0.47503591923967026
theta_tau,theta,0.007126565763034786,tau,0.013061795516852161,7.652504400975312,40000,held_at_MOU-UQML_estimate,-0.632972472180338
theta_tau,theta,0.007126565763034786,tau,0.01575553286417843,7.485732369417387,40000,held_at_MOU-UQML_estimate,-0.7997445037382631
theta_tau,theta,0.007126565763034786,tau,0.019004800336518406,7.312856470704224,40000,held_at_MOU-UQML_estimate,-0.972620402451426
theta_tau,theta,0.008186701798703858,tau,0.0009461932936718456,1.3823685639995047,40000,held_at_MOU-UQML_estimate,-6.903108309156146
theta_tau,theta,0.008186701798703858,tau,0.0011413269726262495,3.907406833301844,40000,held_at_MOU-UQML_estimate,-4.378070039853807
theta_tau,theta,0.008186701798703858,tau,0.001376703118861854,5.590753071053679,40000,held_at_MOU-UQML_estimate,-2.6947238021019713
theta_tau,theta,0.008186701798703858,tau,0.0016606209464433762,6.695947993582144,40000,held_at_MOU-UQML_estimate,-1.589528879573506
theta_tau,theta,0.008186701798703858,tau,0.0020030912184220984,7.40325244464844,40000,held_at_MOU-UQML_estimate,-0.8822244285072101
theta_tau,theta,0.008186701798703858,tau,0.002416189220010264,7.836038137361831,40000,held_at_MOU-UQML_estimate,-0.44943873579381943
theta_tau,theta,0.008186701798703858,tau,0.002914480525501266,8.088529549550433,40000,held_at_MOU-UQML_estimate,-0.19694732360521705
theta_tau,theta,0.008186701798703858,tau,0.0035155345712079827,8.229514160713778,40000,held_at_MOU-UQML_estimate,-0.05596271244187179
theta_tau,theta,0.008186701798703858,tau,0.0042405441426762855,8.276771579644437,40000,held_at_MOU-UQML_estimate,-0.00870529351121263
theta_tau,theta,0.008186701798703858,tau,0.0051150726189010945,8.255356710696166,40000,held_at_MOU-UQML_estimate,-0.030120162459484234
theta_tau,theta,0.008186701798703858,tau,0.006169955320903496,8.186713505775655,40000,held_at_MOU-UQML_estimate,-0.0987633673799948
theta_tau,theta,0.008186701798703858,tau,0.007442386745649732,8.083385691400338,40000,held_at_MOU-UQML_estimate,-0.20209118175531238
theta_tau,theta,0.008186701798703858,tau,0.008977232020492477,7.9556281745506565,40000,held_at_MOU-UQML_estimate,-0.32984869860499355
theta_tau,theta,0.008186701798703858,tau,0.010828608819188654,7.810380190293009,40000,held_at_MOU-UQML_estimate,-0.47509668286264084
theta_tau,theta,0.008186701798703858,tau,0.013061795516852161,7.652468135542972,40000,held_at_MOU-UQML_estimate,-0.6330087376126778
theta_tau,theta,0.008186701798703858,tau,0.01575553286417843,7.485712578263027,40000,held_at_MOU-UQML_estimate,-0.7997642948926229
theta_tau,theta,0.008186701798703858,tau,0.019004800336518406,7.312845064199119,40000,held_at_MOU-UQML_estimate,-0.9726318089565309
theta_tau,theta,0.00924683783437293,tau,0.0009461932936718456,1.0965205692220796,40000,held_at_MOU-UQML_estimate,-7.188956303933571
theta_tau,theta,0.00924683783437293,tau,0.0011413269726262495,3.7209777974216616,40000,held_at_MOU-UQML_estimate,-4.5644990757339885
theta_tau,theta,0.00924683783437293,tau,0.001376703118861854,5.470446817917149,40000,held_at_MOU-UQML_estimate,-2.815030055238501
theta_tau,theta,0.00924683783437293,tau,0.0016606209464433762,6.618839002480519,40000,held_at_MOU-UQML_estimate,-1.6666378706751308
theta_tau,theta,0.00924683783437293,tau,0.0020030912184220984,7.353385865575934,40000,held_at_MOU-UQML_estimate,-0.9320910075797162
theta_tau,theta,0.00924683783437293,tau,0.002416189220010264,7.805402423136507,40000,held_at_MOU-UQML_estimate,-0.48007445001914295
theta_tau,theta,0.00924683783437293,tau,0.002914480525501266,8.07619308797756,40000,held_at_MOU-UQML_estimate,-0.20928378517809065
theta_tau,theta,0.00924683783437293,tau,0.0035155345712079827,8.224970833090527,40000,held_at_MOU-UQML_estimate,-0.060506040065122946
theta_tau,theta,0.00924683783437293,tau,0.0042405441426762855,8.274313266787235,40000,held_at_MOU-UQML_estimate,-0.011163606368414847
theta_tau,theta,0.00924683783437293,tau,0.0051150726189010945,8.254298171815543,40000,held_at_MOU-UQML_estimate,-0.031178701340106585
theta_tau,theta,0.00924683783437293,tau,0.006169955320903496,8.186189394271036,40000,held_at_MOU-UQML_estimate,-0.09928747888461409
theta_tau,theta,0.00924683783437293,tau,0.007442386745649732,8.083131140144946,40000,held_at_MOU-UQML_estimate,-0.2023457330107039
theta_tau,theta,0.00924683783437293,tau,0.008977232020492477,7.955504772224732,40000,held_at_MOU-UQML_estimate,-0.32997210093091844
theta_tau,theta,0.00924683783437293,tau,0.010828608819188654,7.81031215750446,40000,held_at_MOU-UQML_estimate,-0.47516471565119023
theta_tau,theta,0.00924683783437293,tau,0.013061795516852161,7.6524279059641325,40000,held_at_MOU-UQML_estimate,-0.6330489671915176
theta_tau,theta,0.00924683783437293,tau,0.01575553286417843,7.485690574471447,40000,held_at_MOU-UQML_estimate,-0.7997862986842028
theta_tau,theta,0.00924683783437293,tau,0.019004800336518406,7.312832442850813,40000,held_at_MOU-UQML_estimate,-0.9726444303048369
